수집시각,주차장코드,주차장명,총주차면,현재주차대수,잔여면수,점유율,최종업데이트
2026-05-01 22:15:40,A01,"반송1, 3동 공영",152,52,100,34.2,2026-05-01 22:15:00
2026-05-01 22:15:40,A02,삼락재첩거리,126,54,72,42.9,2026-05-01 22:15:00
2026-05-01 22:15:40,A03,수변어린이공원,149,107,42,71.8,2026-05-01 22:15:00
2026-05-01 22:15:40,A04,장산역 1번,87,64,23,73.6,2026-05-01 22:15:00
2026-05-01 22:15:40,A05,장산역 2번,104,77,27,74.0,2026-05-01 22:15:00
2026-05-01 22:15:40,A06,좌1동,68,41,27,60.3,2026-05-01 22:15:00
2026-05-01 22:15:40,A07,노포역,390,254,136,65.1,2026-05-01 22:15:00
2026-05-01 22:15:40,A09,두산위브 뒤,45,29,16,64.4,2026-05-01 22:15:00
2026-05-01 22:15:40,A10,대우1차아파트 앞,76,20,56,26.3,2026-05-01 22:15:00
2026-05-01 22:15:40,A11,부산기계공고 후문,78,73,5,93.6,2026-05-01 22:15:00
2026-05-01 22:15:40,A12,해운대 센텀시티,83,11,72,13.3,2026-05-01 22:15:00
2026-05-01 22:15:40,A13,반여도서관 앞,312,212,100,67.9,2026-05-01 22:15:00
2026-05-01 22:15:40,A14,동대신동,24,24,0,100.0,2026-05-01 22:15:00
2026-05-01 22:15:40,A15,신선3동,84,29,55,34.5,2026-05-01 22:15:00
2026-05-01 22:15:40,A16,영선대로 지하 공영,122,57,65,46.7,2026-05-01 22:15:00
2026-05-01 22:15:40,A17,동백사거리,36,17,19,47.2,2026-05-01 22:15:00
2026-05-01 22:15:40,A18,중동이마트 옆,78,69,9,88.5,2026-05-01 22:15:00
2026-05-01 22:15:40,A19,부산대역(남측),224,73,151,32.6,2026-05-01 22:15:00
2026-05-01 22:15:40,A20,부산대역(북측),249,87,162,34.9,2026-05-01 22:15:00
2026-05-01 22:15:40,A21,화명역,37,28,9,75.7,2026-05-01 22:15:00
2026-05-01 22:15:40,A22,학장천 복개,270,170,100,63.0,2026-05-01 22:15:00
2026-05-01 22:15:40,A23,수변공원,102,94,8,92.2,2026-05-01 22:15:00
2026-05-01 22:15:40,A24,중동역,167,56,111,33.5,2026-05-01 22:15:00
2026-05-01 22:15:40,A25,미포공영,97,61,36,62.9,2026-05-01 22:15:00
2026-05-01 22:15:40,A26,온천장역(남측),247,134,113,54.3,2026-05-01 22:15:00
2026-05-01 22:15:40,A27,구서역,272,125,147,46.0,2026-05-01 22:15:00
2026-05-01 22:15:40,A28,중앙공원,101,66,35,65.3,2026-05-01 22:15:00
2026-05-01 22:15:40,A29,장전역,190,65,125,34.2,2026-05-01 22:15:00
2026-05-01 22:15:40,A30,사상역 광장,0,-90,90,0.0,2026-05-01 22:15:00
2026-05-01 22:15:40,A32,남산역,210,96,114,45.7,2026-05-01 22:15:00
2026-05-01 22:15:40,A33,하단역,151,80,71,53.0,2026-05-01 22:15:00
2026-05-01 22:15:40,A34,명륜역,185,100,85,54.1,2026-05-01 22:15:00
2026-05-01 22:15:40,A35,동래역,400,353,47,88.2,2026-05-01 22:15:00
2026-05-01 22:15:40,A36,해운대광장,164,164,0,100.0,2026-05-01 22:15:00
2026-05-01 22:15:40,A37,롯데 광복점 뒤(2),22,6,16,27.3,2026-05-01 22:15:00
2026-05-01 22:15:40,A40,반여2배수지,111,55,56,49.5,2026-05-01 22:15:00
2026-05-01 22:15:40,A41,요트경기장 앞 1구역,231,227,4,98.3,2026-05-01 22:15:00
2026-05-01 22:15:40,A42,삼락천로,124,41,83,33.1,2026-05-01 22:15:00
2026-05-01 22:15:40,A43,부전복개도로1,20,10,10,50.0,2026-05-01 22:15:00
2026-05-01 22:15:40,A44,부전복개도로2,23,6,17,26.1,2026-05-01 22:15:00
2026-05-01 22:15:40,A45,적십자회관,31,0,31,0.0,2026-05-01 22:15:00
2026-05-01 22:15:40,A48,대연고가밑,46,7,39,15.2,2026-05-01 22:15:00
2026-05-01 22:15:40,A49,골드테마거리,16,2,14,12.5,2026-05-01 22:15:00
2026-05-01 22:15:40,A50,요트경기장 앞 2구역,68,62,6,91.2,2026-05-01 22:15:00
2026-05-01 22:15:40,A432,수안동주차빌딩,60,12,48,20.0,2026-05-01 22:15:00
2026-05-01 22:15:40,A433,구남역,122,53,69,43.4,2026-05-01 22:15:00
2026-05-01 22:15:40,A434,만덕2동사앞복개,73,29,44,39.7,2026-05-01 22:15:00
2026-05-01 22:58:31,A01,"반송1, 3동 공영",152,52,100,34.2,2026-05-01 22:55:00
2026-05-01 22:58:31,A02,삼락재첩거리,126,54,72,42.9,2026-05-01 22:55:00
2026-05-01 22:58:31,A03,수변어린이공원,149,89,60,59.7,2026-05-01 22:55:00
2026-05-01 22:58:31,A04,장산역 1번,87,66,21,75.9,2026-05-01 22:55:00
2026-05-01 22:58:31,A05,장산역 2번,104,47,57,45.2,2026-05-01 22:55:00
2026-05-01 22:58:31,A06,좌1동,68,33,35,48.5,2026-05-01 22:55:00
2026-05-01 22:58:31,A07,노포역,390,233,157,59.7,2026-05-01 22:55:00
2026-05-01 22:58:31,A09,두산위브 뒤,45,28,17,62.2,2026-05-01 22:55:00
2026-05-01 22:58:31,A10,대우1차아파트 앞,76,2,74,2.6,2026-05-01 22:55:00
2026-05-01 22:58:31,A11,부산기계공고 후문,78,73,5,93.6,2026-05-01 22:55:00
2026-05-01 22:58:31,A12,해운대 센텀시티,83,9,74,10.8,2026-05-01 22:55:00
2026-05-01 22:58:31,A13,반여도서관 앞,312,178,134,57.1,2026-05-01 22:55:00
2026-05-01 22:58:31,A14,동대신동,24,24,0,100.0,2026-05-01 22:55:00
2026-05-01 22:58:31,A15,신선3동,84,30,54,35.7,2026-05-01 22:55:00
2026-05-01 22:58:31,A16,영선대로 지하 공영,122,54,68,44.3,2026-05-01 22:55:00
2026-05-01 22:58:31,A17,동백사거리,36,15,21,41.7,2026-05-01 22:55:00
2026-05-01 22:58:31,A18,중동이마트 옆,78,63,15,80.8,2026-05-01 22:55:00
2026-05-01 22:58:31,A19,부산대역(남측),224,53,171,23.7,2026-05-01 22:55:00
2026-05-01 22:58:31,A20,부산대역(북측),249,82,167,32.9,2026-05-01 22:55:00
2026-05-01 22:58:31,A21,화명역,37,25,12,67.6,2026-05-01 22:55:00
2026-05-01 22:58:31,A22,학장천 복개,270,170,100,63.0,2026-05-01 22:55:00
2026-05-01 22:58:31,A23,수변공원,102,75,27,73.5,2026-05-01 22:55:00
2026-05-01 22:58:31,A24,중동역,167,52,115,31.1,2026-05-01 22:55:00
2026-05-01 22:58:31,A25,미포공영,97,56,41,57.7,2026-05-01 22:55:00
2026-05-01 22:58:31,A26,온천장역(남측),247,121,126,49.0,2026-05-01 22:55:00
2026-05-01 22:58:31,A27,구서역,272,118,154,43.4,2026-05-01 22:55:00
2026-05-01 22:58:31,A28,중앙공원,101,61,40,60.4,2026-05-01 22:55:00
2026-05-01 22:58:31,A29,장전역,190,58,132,30.5,2026-05-01 22:55:00
2026-05-01 22:58:31,A30,사상역 광장,0,-90,90,0.0,2026-05-01 22:55:00
2026-05-01 22:58:31,A32,남산역,210,77,133,36.7,2026-05-01 22:55:00
2026-05-01 22:58:31,A33,하단역,151,77,74,51.0,2026-05-01 22:55:00
2026-05-01 22:58:31,A34,명륜역,185,96,89,51.9,2026-05-01 22:55:00
2026-05-01 22:58:31,A35,동래역,400,311,89,77.8,2026-05-01 22:55:00
2026-05-01 22:58:31,A36,해운대광장,164,164,0,100.0,2026-05-01 22:55:00
2026-05-01 22:58:31,A37,롯데 광복점 뒤(2),22,6,16,27.3,2026-05-01 22:55:00
2026-05-01 22:58:31,A40,반여2배수지,111,57,54,51.4,2026-05-01 22:55:00
2026-05-01 22:58:31,A41,요트경기장 앞 1구역,231,222,9,96.1,2026-05-01 22:55:00
2026-05-01 22:58:31,A42,삼락천로,124,42,82,33.9,2026-05-01 22:55:00
2026-05-01 22:58:31,A43,부전복개도로1,20,10,10,50.0,2026-05-01 22:55:00
2026-05-01 22:58:31,A44,부전복개도로2,23,6,17,26.1,2026-05-01 22:55:00
2026-05-01 22:58:31,A45,적십자회관,31,0,31,0.0,2026-05-01 22:55:00
2026-05-01 22:58:31,A48,대연고가밑,46,7,39,15.2,2026-05-01 22:55:00
2026-05-01 22:58:31,A49,골드테마거리,16,2,14,12.5,2026-05-01 22:55:00
2026-05-01 22:58:31,A50,요트경기장 앞 2구역,68,57,11,83.8,2026-05-01 22:55:00
2026-05-01 22:58:31,A432,수안동주차빌딩,60,12,48,20.0,2026-05-01 22:55:00
2026-05-01 22:58:31,A433,구남역,122,51,71,41.8,2026-05-01 22:55:00
2026-05-01 22:58:31,A434,만덕2동사앞복개,73,28,45,38.4,2026-05-01 22:55:00
2026-05-01 23:58:57,A01,"반송1, 3동 공영",152,52,100,34.2,2026-05-01 23:55:01
2026-05-01 23:58:57,A02,삼락재첩거리,126,54,72,42.9,2026-05-01 23:55:01
2026-05-01 23:58:57,A03,수변어린이공원,149,73,76,49.0,2026-05-01 23:55:01
2026-05-01 23:58:57,A04,장산역 1번,87,48,39,55.2,2026-05-01 23:55:01
2026-05-01 23:58:57,A05,장산역 2번,104,38,66,36.5,2026-05-01 23:55:01
2026-05-01 23:58:57,A06,좌1동,68,31,37,45.6,2026-05-01 23:55:01
2026-05-01 23:58:57,A07,노포역,390,211,179,54.1,2026-05-01 23:55:01
2026-05-01 23:58:57,A09,두산위브 뒤,45,28,17,62.2,2026-05-01 23:55:01
2026-05-01 23:58:57,A10,대우1차아파트 앞,76,13,63,17.1,2026-05-01 23:55:01
2026-05-01 23:58:57,A11,부산기계공고 후문,78,73,5,93.6,2026-05-01 23:55:01
2026-05-01 23:58:57,A12,해운대 센텀시티,83,9,74,10.8,2026-05-01 23:55:01
2026-05-01 23:58:57,A13,반여도서관 앞,312,212,100,67.9,2026-05-01 23:55:01
2026-05-01 23:58:57,A14,동대신동,24,24,0,100.0,2026-05-01 23:55:01
2026-05-01 23:58:57,A15,신선3동,84,30,54,35.7,2026-05-01 23:55:01
2026-05-01 23:58:57,A16,영선대로 지하 공영,122,55,67,45.1,2026-05-01 23:55:01
2026-05-01 23:58:57,A17,동백사거리,36,15,21,41.7,2026-05-01 23:55:01
2026-05-01 23:58:57,A18,중동이마트 옆,78,57,21,73.1,2026-05-01 23:55:01
2026-05-01 23:58:57,A19,부산대역(남측),224,42,182,18.8,2026-05-01 23:55:01
2026-05-01 23:58:57,A20,부산대역(북측),249,52,197,20.9,2026-05-01 23:55:01
2026-05-01 23:58:57,A21,화명역,37,33,4,89.2,2026-05-01 23:55:01
2026-05-01 23:58:57,A22,학장천 복개,270,170,100,63.0,2026-05-01 23:55:01
2026-05-01 23:58:57,A23,수변공원,102,53,49,52.0,2026-05-01 23:55:01
2026-05-01 23:58:57,A24,중동역,167,51,116,30.5,2026-05-01 23:55:01
2026-05-01 23:58:57,A25,미포공영,97,52,45,53.6,2026-05-01 23:55:01
2026-05-01 23:58:57,A26,온천장역(남측),247,111,136,44.9,2026-05-01 23:55:01
2026-05-01 23:58:57,A27,구서역,272,102,170,37.5,2026-05-01 23:55:01
2026-05-01 23:58:57,A28,중앙공원,101,61,40,60.4,2026-05-01 23:55:01
2026-05-01 23:58:57,A29,장전역,190,58,132,30.5,2026-05-01 23:55:01
2026-05-01 23:58:57,A30,사상역 광장,0,-90,90,0.0,2026-05-01 23:55:01
2026-05-01 23:58:57,A32,남산역,210,76,134,36.2,2026-05-01 23:55:01
2026-05-01 23:58:57,A33,하단역,151,73,78,48.3,2026-05-01 23:55:01
2026-05-01 23:58:57,A34,명륜역,185,91,94,49.2,2026-05-01 23:55:01
2026-05-01 23:58:57,A35,동래역,400,256,144,64.0,2026-05-01 23:55:01
2026-05-01 23:58:57,A36,해운대광장,164,154,10,93.9,2026-05-01 23:55:01
2026-05-01 23:58:57,A37,롯데 광복점 뒤(2),22,6,16,27.3,2026-05-01 23:55:01
2026-05-01 23:58:57,A40,반여2배수지,111,59,52,53.2,2026-05-01 23:55:01
2026-05-01 23:58:57,A41,요트경기장 앞 1구역,231,43,188,18.6,2026-05-01 23:55:01
2026-05-01 23:58:57,A42,삼락천로,124,44,80,35.5,2026-05-01 23:55:01
2026-05-01 23:58:57,A43,부전복개도로1,20,10,10,50.0,2026-05-01 23:55:01
2026-05-01 23:58:57,A44,부전복개도로2,23,6,17,26.1,2026-05-01 23:55:01
2026-05-01 23:58:57,A45,적십자회관,31,0,31,0.0,2026-05-01 23:55:01
2026-05-01 23:58:57,A48,대연고가밑,46,7,39,15.2,2026-05-01 23:55:01
2026-05-01 23:58:57,A49,골드테마거리,16,2,14,12.5,2026-05-01 23:55:01
2026-05-01 23:58:57,A50,요트경기장 앞 2구역,68,24,44,35.3,2026-05-01 23:55:01
2026-05-01 23:58:57,A432,수안동주차빌딩,60,12,48,20.0,2026-05-01 23:55:01
2026-05-01 23:58:57,A433,구남역,122,49,73,40.2,2026-05-01 23:55:01
2026-05-01 23:58:57,A434,만덕2동사앞복개,73,29,44,39.7,2026-05-01 23:55:01
2026-05-02 01:00:02,A01,"반송1, 3동 공영",152,52,100,34.2,2026-05-02 01:00:00
2026-05-02 01:00:02,A02,삼락재첩거리,126,53,73,42.1,2026-05-02 01:00:00
2026-05-02 01:00:02,A03,수변어린이공원,149,63,86,42.3,2026-05-02 01:00:00
2026-05-02 01:00:02,A04,장산역 1번,87,41,46,47.1,2026-05-02 01:00:00
2026-05-02 01:00:02,A05,장산역 2번,104,31,73,29.8,2026-05-02 01:00:00
2026-05-02 01:00:02,A06,좌1동,68,26,42,38.2,2026-05-02 01:00:00
2026-05-02 01:00:02,A07,노포역,390,204,186,52.3,2026-05-02 01:00:00
2026-05-02 01:00:02,A09,두산위브 뒤,45,31,14,68.9,2026-05-02 01:00:00
2026-05-02 01:00:02,A10,대우1차아파트 앞,76,11,65,14.5,2026-05-02 01:00:00
2026-05-02 01:00:02,A11,부산기계공고 후문,78,73,5,93.6,2026-05-02 01:00:00
2026-05-02 01:00:02,A12,해운대 센텀시티,83,80,3,96.4,2026-05-02 01:00:00
2026-05-02 01:00:02,A13,반여도서관 앞,312,212,100,67.9,2026-05-02 01:00:00
2026-05-02 01:00:02,A14,동대신동,24,24,0,100.0,2026-05-02 01:00:00
2026-05-02 01:00:02,A15,신선3동,84,30,54,35.7,2026-05-02 01:00:00
2026-05-02 01:00:02,A16,영선대로 지하 공영,122,53,69,43.4,2026-05-02 01:00:00
2026-05-02 01:00:02,A17,동백사거리,36,14,22,38.9,2026-05-02 01:00:00
2026-05-02 01:00:02,A18,중동이마트 옆,78,56,22,71.8,2026-05-02 01:00:00
2026-05-02 01:00:02,A19,부산대역(남측),224,41,183,18.3,2026-05-02 01:00:00
2026-05-02 01:00:02,A20,부산대역(북측),249,33,216,13.3,2026-05-02 01:00:00
2026-05-02 01:00:02,A21,화명역,37,19,18,51.4,2026-05-02 01:00:00
2026-05-02 01:00:02,A22,학장천 복개,270,170,100,63.0,2026-05-02 01:00:00
2026-05-02 01:00:02,A23,수변공원,102,38,64,37.3,2026-05-02 01:00:00
2026-05-02 01:00:02,A24,중동역,167,50,117,29.9,2026-05-02 01:00:00
2026-05-02 01:00:02,A25,미포공영,97,49,48,50.5,2026-05-02 01:00:00
2026-05-02 01:00:02,A26,온천장역(남측),247,104,143,42.1,2026-05-02 01:00:00
2026-05-02 01:00:02,A27,구서역,272,85,187,31.2,2026-05-02 01:00:00
2026-05-02 01:00:02,A28,중앙공원,101,60,41,59.4,2026-05-02 01:00:00
2026-05-02 01:00:02,A29,장전역,190,55,135,28.9,2026-05-02 01:00:00
2026-05-02 01:00:02,A30,사상역 광장,0,-90,90,0.0,2026-05-02 01:00:00
2026-05-02 01:00:02,A32,남산역,210,96,114,45.7,2026-05-02 01:00:00
2026-05-02 01:00:02,A33,하단역,151,71,80,47.0,2026-05-02 01:00:00
2026-05-02 01:00:02,A34,명륜역,185,91,94,49.2,2026-05-02 01:00:00
2026-05-02 01:00:02,A35,동래역,400,185,215,46.2,2026-05-02 01:00:00
2026-05-02 01:00:02,A36,해운대광장,164,135,29,82.3,2026-05-02 01:00:00
2026-05-02 01:00:02,A37,롯데 광복점 뒤(2),22,6,16,27.3,2026-05-02 01:00:00
2026-05-02 01:00:02,A40,반여2배수지,111,59,52,53.2,2026-05-02 01:00:00
2026-05-02 01:00:02,A41,요트경기장 앞 1구역,231,34,197,14.7,2026-05-02 01:00:00
2026-05-02 01:00:02,A42,삼락천로,124,44,80,35.5,2026-05-02 01:00:00
2026-05-02 01:00:02,A43,부전복개도로1,20,10,10,50.0,2026-05-02 01:00:00
2026-05-02 01:00:02,A44,부전복개도로2,23,6,17,26.1,2026-05-02 01:00:00
2026-05-02 01:00:02,A45,적십자회관,31,0,31,0.0,2026-05-02 01:00:00
2026-05-02 01:00:02,A48,대연고가밑,46,7,39,15.2,2026-05-02 01:00:00
2026-05-02 01:00:02,A49,골드테마거리,16,2,14,12.5,2026-05-02 01:00:00
2026-05-02 01:00:02,A50,요트경기장 앞 2구역,68,17,51,25.0,2026-05-02 01:00:00
2026-05-02 01:00:02,A432,수안동주차빌딩,60,11,49,18.3,2026-05-02 01:00:00
2026-05-02 01:00:02,A433,구남역,122,50,72,41.0,2026-05-02 01:00:00
2026-05-02 01:00:02,A434,만덕2동사앞복개,73,29,44,39.7,2026-05-02 01:00:00
2026-05-02 02:05:36,A01,"반송1, 3동 공영",152,52,100,34.2,2026-05-02 02:05:00
2026-05-02 02:05:36,A02,삼락재첩거리,126,54,72,42.9,2026-05-02 02:05:00
2026-05-02 02:05:36,A03,수변어린이공원,149,58,91,38.9,2026-05-02 02:05:00
2026-05-02 02:05:36,A04,장산역 1번,87,31,56,35.6,2026-05-02 02:05:00
2026-05-02 02:05:36,A05,장산역 2번,104,22,82,21.2,2026-05-02 02:05:00
2026-05-02 02:05:36,A06,좌1동,68,25,43,36.8,2026-05-02 02:05:00
2026-05-02 02:05:36,A07,노포역,390,199,191,51.0,2026-05-02 02:05:00
2026-05-02 02:05:36,A09,두산위브 뒤,45,31,14,68.9,2026-05-02 02:05:00
2026-05-02 02:05:36,A10,대우1차아파트 앞,76,13,63,17.1,2026-05-02 02:05:00
2026-05-02 02:05:36,A11,부산기계공고 후문,78,73,5,93.6,2026-05-02 02:05:00
2026-05-02 02:05:36,A12,해운대 센텀시티,83,8,75,9.6,2026-05-02 02:05:00
2026-05-02 02:05:36,A13,반여도서관 앞,312,212,100,67.9,2026-05-02 02:05:00
2026-05-02 02:05:36,A14,동대신동,24,24,0,100.0,2026-05-02 02:05:00
2026-05-02 02:05:36,A15,신선3동,84,30,54,35.7,2026-05-02 02:05:00
2026-05-02 02:05:36,A16,영선대로 지하 공영,122,53,69,43.4,2026-05-02 02:05:00
2026-05-02 02:05:36,A17,동백사거리,36,14,22,38.9,2026-05-02 02:05:00
2026-05-02 02:05:36,A18,중동이마트 옆,78,59,19,75.6,2026-05-02 02:05:00
2026-05-02 02:05:36,A19,부산대역(남측),224,28,196,12.5,2026-05-02 02:05:00
2026-05-02 02:05:36,A20,부산대역(북측),249,23,226,9.2,2026-05-02 02:05:00
2026-05-02 02:05:36,A21,화명역,37,19,18,51.4,2026-05-02 02:05:00
2026-05-02 02:05:36,A22,학장천 복개,270,170,100,63.0,2026-05-02 02:05:00
2026-05-02 02:05:36,A23,수변공원,102,31,71,30.4,2026-05-02 02:05:00
2026-05-02 02:05:36,A24,중동역,167,48,119,28.7,2026-05-02 02:05:00
2026-05-02 02:05:36,A25,미포공영,97,51,46,52.6,2026-05-02 02:05:00
2026-05-02 02:05:36,A26,온천장역(남측),247,105,142,42.5,2026-05-02 02:05:00
2026-05-02 02:05:36,A27,구서역,272,82,190,30.1,2026-05-02 02:05:00
2026-05-02 02:05:36,A28,중앙공원,101,61,40,60.4,2026-05-02 02:05:00
2026-05-02 02:05:36,A29,장전역,190,51,139,26.8,2026-05-02 02:05:00
2026-05-02 02:05:36,A30,사상역 광장,0,-90,90,0.0,2026-05-02 02:05:00
2026-05-02 02:05:36,A32,남산역,210,96,114,45.7,2026-05-02 02:05:00
2026-05-02 02:05:36,A33,하단역,151,69,82,45.7,2026-05-02 02:05:00
2026-05-02 02:05:36,A34,명륜역,185,92,93,49.7,2026-05-02 02:05:00
2026-05-02 02:05:36,A35,동래역,400,140,260,35.0,2026-05-02 02:05:00
2026-05-02 02:05:36,A36,해운대광장,164,142,22,86.6,2026-05-02 02:05:00
2026-05-02 02:05:36,A37,롯데 광복점 뒤(2),22,6,16,27.3,2026-05-02 02:05:00
2026-05-02 02:05:36,A40,반여2배수지,111,60,51,54.1,2026-05-02 02:05:00
2026-05-02 02:05:36,A41,요트경기장 앞 1구역,231,43,188,18.6,2026-05-02 02:05:00
2026-05-02 02:05:36,A42,삼락천로,124,44,80,35.5,2026-05-02 02:05:00
2026-05-02 02:05:36,A43,부전복개도로1,20,10,10,50.0,2026-05-02 02:05:00
2026-05-02 02:05:36,A44,부전복개도로2,23,6,17,26.1,2026-05-02 02:05:00
2026-05-02 02:05:36,A45,적십자회관,31,0,31,0.0,2026-05-02 02:05:00
2026-05-02 02:05:36,A48,대연고가밑,46,7,39,15.2,2026-05-02 02:05:00
2026-05-02 02:05:36,A49,골드테마거리,16,2,14,12.5,2026-05-02 02:05:00
2026-05-02 02:05:36,A50,요트경기장 앞 2구역,68,16,52,23.5,2026-05-02 02:05:00
2026-05-02 02:05:36,A432,수안동주차빌딩,60,11,49,18.3,2026-05-02 02:05:00
2026-05-02 02:05:36,A433,구남역,122,50,72,41.0,2026-05-02 02:05:00
2026-05-02 02:05:36,A434,만덕2동사앞복개,73,29,44,39.7,2026-05-02 02:05:00
2026-05-02 03:37:10,A01,"반송1, 3동 공영",152,52,100,34.2,2026-05-02 03:35:00
2026-05-02 03:37:10,A02,삼락재첩거리,126,55,71,43.7,2026-05-02 03:35:00
2026-05-02 03:37:10,A03,수변어린이공원,149,54,95,36.2,2026-05-02 03:35:00
2026-05-02 03:37:10,A04,장산역 1번,87,28,59,32.2,2026-05-02 03:35:00
2026-05-02 03:37:10,A05,장산역 2번,104,20,84,19.2,2026-05-02 03:35:00
2026-05-02 03:37:10,A06,좌1동,68,25,43,36.8,2026-05-02 03:35:00
2026-05-02 03:37:10,A07,노포역,390,193,197,49.5,2026-05-02 03:35:00
2026-05-02 03:37:10,A09,두산위브 뒤,45,33,12,73.3,2026-05-02 03:35:00
2026-05-02 03:37:10,A10,대우1차아파트 앞,76,2,74,2.6,2026-05-02 03:35:00
2026-05-02 03:37:10,A11,부산기계공고 후문,78,55,23,70.5,2026-05-02 03:35:00
2026-05-02 03:37:10,A12,해운대 센텀시티,83,80,3,96.4,2026-05-02 03:35:00
2026-05-02 03:37:10,A13,반여도서관 앞,312,212,100,67.9,2026-05-02 03:35:00
2026-05-02 03:37:10,A14,동대신동,24,24,0,100.0,2026-05-02 03:35:00
2026-05-02 03:37:10,A15,신선3동,84,30,54,35.7,2026-05-02 03:35:00
2026-05-02 03:37:10,A16,영선대로 지하 공영,122,51,71,41.8,2026-05-02 03:35:00
2026-05-02 03:37:10,A17,동백사거리,36,14,22,38.9,2026-05-02 03:35:00
2026-05-02 03:37:10,A18,중동이마트 옆,78,58,20,74.4,2026-05-02 03:35:00
2026-05-02 03:37:10,A19,부산대역(남측),224,27,197,12.1,2026-05-02 03:35:00
2026-05-02 03:37:10,A20,부산대역(북측),249,22,227,8.8,2026-05-02 03:35:00
2026-05-02 03:37:10,A21,화명역,37,19,18,51.4,2026-05-02 03:35:00
2026-05-02 03:37:10,A22,학장천 복개,270,170,100,63.0,2026-05-02 03:35:00
2026-05-02 03:37:10,A23,수변공원,102,31,71,30.4,2026-05-02 03:35:00
2026-05-02 03:37:10,A24,중동역,167,49,118,29.3,2026-05-02 03:35:00
2026-05-02 03:37:10,A25,미포공영,97,50,47,51.5,2026-05-02 03:35:00
2026-05-02 03:37:10,A26,온천장역(남측),247,104,143,42.1,2026-05-02 03:35:00
2026-05-02 03:37:10,A27,구서역,272,75,197,27.6,2026-05-02 03:35:00
2026-05-02 03:37:10,A28,중앙공원,101,60,41,59.4,2026-05-02 03:35:00
2026-05-02 03:37:10,A29,장전역,190,49,141,25.8,2026-05-02 03:35:00
2026-05-02 03:37:10,A30,사상역 광장,0,-90,90,0.0,2026-05-02 03:35:00
2026-05-02 03:37:10,A32,남산역,210,96,114,45.7,2026-05-02 03:35:00
2026-05-02 03:37:10,A33,하단역,151,63,88,41.7,2026-05-02 03:35:00
2026-05-02 03:37:10,A34,명륜역,185,92,93,49.7,2026-05-02 03:35:00
2026-05-02 03:37:10,A35,동래역,400,90,310,22.5,2026-05-02 03:35:00
2026-05-02 03:37:10,A36,해운대광장,164,131,33,79.9,2026-05-02 03:35:00
2026-05-02 03:37:10,A37,롯데 광복점 뒤(2),22,6,16,27.3,2026-05-02 03:35:00
2026-05-02 03:37:10,A40,반여2배수지,111,60,51,54.1,2026-05-02 03:35:00
2026-05-02 03:37:10,A41,요트경기장 앞 1구역,231,43,188,18.6,2026-05-02 03:35:00
2026-05-02 03:37:10,A42,삼락천로,124,44,80,35.5,2026-05-02 03:35:00
2026-05-02 03:37:10,A43,부전복개도로1,20,10,10,50.0,2026-05-02 03:35:00
2026-05-02 03:37:10,A44,부전복개도로2,23,6,17,26.1,2026-05-02 03:35:00
2026-05-02 03:37:10,A45,적십자회관,31,0,31,0.0,2026-05-02 03:35:00
2026-05-02 03:37:10,A48,대연고가밑,46,7,39,15.2,2026-05-02 03:35:00
2026-05-02 03:37:10,A49,골드테마거리,16,2,14,12.5,2026-05-02 03:35:00
2026-05-02 03:37:10,A50,요트경기장 앞 2구역,68,16,52,23.5,2026-05-02 03:35:00
2026-05-02 03:37:10,A432,수안동주차빌딩,60,11,49,18.3,2026-05-02 03:35:00
2026-05-02 03:37:10,A433,구남역,122,49,73,40.2,2026-05-02 03:35:00
2026-05-02 03:37:10,A434,만덕2동사앞복개,73,29,44,39.7,2026-05-02 03:35:00
2026-05-02 05:01:43,A01,"반송1, 3동 공영",152,52,100,34.2,2026-05-02 05:00:00
2026-05-02 05:01:43,A02,삼락재첩거리,126,55,71,43.7,2026-05-02 05:00:00
2026-05-02 05:01:43,A03,수변어린이공원,149,54,95,36.2,2026-05-02 05:00:00
2026-05-02 05:01:43,A04,장산역 1번,87,30,57,34.5,2026-05-02 05:00:00
2026-05-02 05:01:43,A05,장산역 2번,104,15,89,14.4,2026-05-02 05:00:00
2026-05-02 05:01:43,A06,좌1동,68,24,44,35.3,2026-05-02 05:00:00
2026-05-02 05:01:43,A07,노포역,390,193,197,49.5,2026-05-02 05:00:00
2026-05-02 05:01:43,A09,두산위브 뒤,45,34,11,75.6,2026-05-02 05:00:00
2026-05-02 05:01:43,A10,대우1차아파트 앞,76,2,74,2.6,2026-05-02 05:00:00
2026-05-02 05:01:43,A11,부산기계공고 후문,78,55,23,70.5,2026-05-02 05:00:00
2026-05-02 05:01:43,A12,해운대 센텀시티,83,80,3,96.4,2026-05-02 05:00:00
2026-05-02 05:01:43,A13,반여도서관 앞,312,212,100,67.9,2026-05-02 05:00:00
2026-05-02 05:01:43,A14,동대신동,24,24,0,100.0,2026-05-02 05:00:00
2026-05-02 05:01:43,A15,신선3동,84,30,54,35.7,2026-05-02 05:00:00
2026-05-02 05:01:43,A16,영선대로 지하 공영,122,51,71,41.8,2026-05-02 05:00:00
2026-05-02 05:01:43,A17,동백사거리,36,14,22,38.9,2026-05-02 05:00:00
2026-05-02 05:01:43,A18,중동이마트 옆,78,60,18,76.9,2026-05-02 05:00:00
2026-05-02 05:01:43,A19,부산대역(남측),224,26,198,11.6,2026-05-02 05:00:00
2026-05-02 05:01:43,A20,부산대역(북측),249,22,227,8.8,2026-05-02 05:00:00
2026-05-02 05:01:43,A21,화명역,37,19,18,51.4,2026-05-02 05:00:00
2026-05-02 05:01:43,A22,학장천 복개,270,170,100,63.0,2026-05-02 05:00:00
2026-05-02 05:01:43,A23,수변공원,102,32,70,31.4,2026-05-02 05:00:00
2026-05-02 05:01:43,A24,중동역,167,47,120,28.1,2026-05-02 05:00:00
2026-05-02 05:01:43,A25,미포공영,97,52,45,53.6,2026-05-02 05:00:00
2026-05-02 05:01:43,A26,온천장역(남측),247,105,142,42.5,2026-05-02 05:00:00
2026-05-02 05:01:43,A27,구서역,272,73,199,26.8,2026-05-02 05:00:00
2026-05-02 05:01:43,A28,중앙공원,101,61,40,60.4,2026-05-02 05:00:00
2026-05-02 05:01:43,A29,장전역,190,50,140,26.3,2026-05-02 05:00:00
2026-05-02 05:01:43,A30,사상역 광장,0,-90,90,0.0,2026-05-02 05:00:00
2026-05-02 05:01:43,A32,남산역,210,96,114,45.7,2026-05-02 05:00:00
2026-05-02 05:01:43,A33,하단역,151,64,87,42.4,2026-05-02 05:00:00
2026-05-02 05:01:43,A34,명륜역,185,91,94,49.2,2026-05-02 05:00:00
2026-05-02 05:01:43,A35,동래역,400,79,321,19.8,2026-05-02 05:00:00
2026-05-02 05:01:43,A36,해운대광장,164,136,28,82.9,2026-05-02 05:00:00
2026-05-02 05:01:43,A37,롯데 광복점 뒤(2),22,6,16,27.3,2026-05-02 05:00:00
2026-05-02 05:01:43,A40,반여2배수지,111,59,52,53.2,2026-05-02 05:00:00
2026-05-02 05:01:43,A41,요트경기장 앞 1구역,231,32,199,13.9,2026-05-02 05:00:00
2026-05-02 05:01:43,A42,삼락천로,124,44,80,35.5,2026-05-02 05:00:00
2026-05-02 05:01:43,A43,부전복개도로1,20,10,10,50.0,2026-05-02 05:00:00
2026-05-02 05:01:43,A44,부전복개도로2,23,6,17,26.1,2026-05-02 05:00:00
2026-05-02 05:01:43,A45,적십자회관,31,0,31,0.0,2026-05-02 05:00:00
2026-05-02 05:01:43,A48,대연고가밑,46,7,39,15.2,2026-05-02 05:00:00
2026-05-02 05:01:43,A49,골드테마거리,16,2,14,12.5,2026-05-02 05:00:00
2026-05-02 05:01:43,A50,요트경기장 앞 2구역,68,16,52,23.5,2026-05-02 05:00:00
2026-05-02 05:01:43,A432,수안동주차빌딩,60,10,50,16.7,2026-05-02 05:00:00
2026-05-02 05:01:43,A433,구남역,122,52,70,42.6,2026-05-02 05:00:00
2026-05-02 05:01:43,A434,만덕2동사앞복개,73,30,43,41.1,2026-05-02 05:00:00
2026-05-02 06:12:38,A01,"반송1, 3동 공영",152,119,33,78.3,2026-05-02 06:10:00
2026-05-02 06:12:38,A02,삼락재첩거리,126,55,71,43.7,2026-05-02 06:10:00
2026-05-02 06:12:38,A03,수변어린이공원,149,62,87,41.6,2026-05-02 06:10:00
2026-05-02 06:12:38,A04,장산역 1번,87,31,56,35.6,2026-05-02 06:10:00
2026-05-02 06:12:38,A05,장산역 2번,104,14,90,13.5,2026-05-02 06:10:00
2026-05-02 06:12:38,A06,좌1동,68,25,43,36.8,2026-05-02 06:10:00
2026-05-02 06:12:38,A07,노포역,390,223,167,57.2,2026-05-02 06:10:00
2026-05-02 06:12:38,A09,두산위브 뒤,45,34,11,75.6,2026-05-02 06:10:00
2026-05-02 06:12:38,A10,대우1차아파트 앞,76,9,67,11.8,2026-05-02 06:10:00
2026-05-02 06:12:38,A11,부산기계공고 후문,78,58,20,74.4,2026-05-02 06:10:00
2026-05-02 06:12:38,A12,해운대 센텀시티,83,12,71,14.5,2026-05-02 06:10:00
2026-05-02 06:12:38,A13,반여도서관 앞,312,212,100,67.9,2026-05-02 06:10:00
2026-05-02 06:12:38,A14,동대신동,24,24,0,100.0,2026-05-02 06:10:00
2026-05-02 06:12:38,A15,신선3동,84,28,56,33.3,2026-05-02 06:10:00
2026-05-02 06:12:38,A16,영선대로 지하 공영,122,49,73,40.2,2026-05-02 06:10:00
2026-05-02 06:12:38,A17,동백사거리,36,14,22,38.9,2026-05-02 06:10:00
2026-05-02 06:12:38,A18,중동이마트 옆,78,67,11,85.9,2026-05-02 06:10:00
2026-05-02 06:12:38,A19,부산대역(남측),224,29,195,12.9,2026-05-02 06:10:00
2026-05-02 06:12:38,A20,부산대역(북측),249,22,227,8.8,2026-05-02 06:10:00
2026-05-02 06:12:38,A21,화명역,37,19,18,51.4,2026-05-02 06:10:00
2026-05-02 06:12:38,A22,학장천 복개,270,170,100,63.0,2026-05-02 06:10:00
2026-05-02 06:12:38,A23,수변공원,102,33,69,32.4,2026-05-02 06:10:00
2026-05-02 06:12:38,A24,중동역,167,47,120,28.1,2026-05-02 06:10:00
2026-05-02 06:12:38,A25,미포공영,97,54,43,55.7,2026-05-02 06:10:00
2026-05-02 06:12:38,A26,온천장역(남측),247,111,136,44.9,2026-05-02 06:10:00
2026-05-02 06:12:38,A27,구서역,272,74,198,27.2,2026-05-02 06:10:00
2026-05-02 06:12:38,A28,중앙공원,101,61,40,60.4,2026-05-02 06:10:00
2026-05-02 06:12:38,A29,장전역,190,46,144,24.2,2026-05-02 06:10:00
2026-05-02 06:12:38,A30,사상역 광장,0,-90,90,0.0,2026-05-02 06:10:00
2026-05-02 06:12:38,A32,남산역,210,96,114,45.7,2026-05-02 06:10:00
2026-05-02 06:12:38,A33,하단역,151,66,85,43.7,2026-05-02 06:10:00
2026-05-02 06:12:38,A34,명륜역,185,91,94,49.2,2026-05-02 06:10:00
2026-05-02 06:12:38,A35,동래역,400,126,274,31.5,2026-05-02 06:10:00
2026-05-02 06:12:38,A36,해운대광장,164,146,18,89.0,2026-05-02 06:10:00
2026-05-02 06:12:38,A37,롯데 광복점 뒤(2),22,6,16,27.3,2026-05-02 06:10:00
2026-05-02 06:12:38,A40,반여2배수지,111,56,55,50.5,2026-05-02 06:10:00
2026-05-02 06:12:38,A41,요트경기장 앞 1구역,231,46,185,19.9,2026-05-02 06:10:00
2026-05-02 06:12:38,A42,삼락천로,124,45,79,36.3,2026-05-02 06:10:00
2026-05-02 06:12:38,A43,부전복개도로1,20,10,10,50.0,2026-05-02 06:10:00
2026-05-02 06:12:38,A44,부전복개도로2,23,6,17,26.1,2026-05-02 06:10:00
2026-05-02 06:12:38,A45,적십자회관,31,0,31,0.0,2026-05-02 06:10:00
2026-05-02 06:12:38,A48,대연고가밑,46,7,39,15.2,2026-05-02 06:10:00
2026-05-02 06:12:38,A49,골드테마거리,16,2,14,12.5,2026-05-02 06:10:00
2026-05-02 06:12:38,A50,요트경기장 앞 2구역,68,19,49,27.9,2026-05-02 06:10:00
2026-05-02 06:12:38,A432,수안동주차빌딩,60,10,50,16.7,2026-05-02 06:10:00
2026-05-02 06:12:38,A433,구남역,122,51,71,41.8,2026-05-02 06:10:00
2026-05-02 06:12:38,A434,만덕2동사앞복개,73,30,43,41.1,2026-05-02 06:10:00
2026-05-02 07:10:50,A01,"반송1, 3동 공영",152,119,33,78.3,2026-05-02 07:10:01
2026-05-02 07:10:50,A02,삼락재첩거리,126,55,71,43.7,2026-05-02 07:10:01
2026-05-02 07:10:50,A03,수변어린이공원,149,75,74,50.3,2026-05-02 07:10:01
2026-05-02 07:10:50,A04,장산역 1번,87,34,53,39.1,2026-05-02 07:10:01
2026-05-02 07:10:50,A05,장산역 2번,104,24,80,23.1,2026-05-02 07:10:01
2026-05-02 07:10:50,A06,좌1동,68,23,45,33.8,2026-05-02 07:10:01
2026-05-02 07:10:50,A07,노포역,390,264,126,67.7,2026-05-02 07:10:01
2026-05-02 07:10:50,A09,두산위브 뒤,45,35,10,77.8,2026-05-02 07:10:01
2026-05-02 07:10:50,A10,대우1차아파트 앞,76,2,74,2.6,2026-05-02 07:10:01
2026-05-02 07:10:50,A11,부산기계공고 후문,78,57,21,73.1,2026-05-02 07:10:01
2026-05-02 07:10:50,A12,해운대 센텀시티,83,17,66,20.5,2026-05-02 07:10:01
2026-05-02 07:10:50,A13,반여도서관 앞,312,212,100,67.9,2026-05-02 07:10:01
2026-05-02 07:10:50,A14,동대신동,24,24,0,100.0,2026-05-02 07:10:01
2026-05-02 07:10:50,A15,신선3동,84,29,55,34.5,2026-05-02 07:10:01
2026-05-02 07:10:50,A16,영선대로 지하 공영,122,53,69,43.4,2026-05-02 07:10:01
2026-05-02 07:10:50,A17,동백사거리,36,18,18,50.0,2026-05-02 07:10:01
2026-05-02 07:10:50,A18,중동이마트 옆,78,71,7,91.0,2026-05-02 07:10:01
2026-05-02 07:10:50,A19,부산대역(남측),224,29,195,12.9,2026-05-02 07:10:01
2026-05-02 07:10:50,A20,부산대역(북측),249,23,226,9.2,2026-05-02 07:10:01
2026-05-02 07:10:50,A21,화명역,37,20,17,54.1,2026-05-02 07:10:01
2026-05-02 07:10:50,A22,학장천 복개,270,170,100,63.0,2026-05-02 07:10:01
2026-05-02 07:10:50,A23,수변공원,102,43,59,42.2,2026-05-02 07:10:01
2026-05-02 07:10:50,A24,중동역,167,46,121,27.5,2026-05-02 07:10:01
2026-05-02 07:10:50,A25,미포공영,97,61,36,62.9,2026-05-02 07:10:01
2026-05-02 07:10:50,A26,온천장역(남측),247,112,135,45.3,2026-05-02 07:10:01
2026-05-02 07:10:50,A27,구서역,272,85,187,31.2,2026-05-02 07:10:01
2026-05-02 07:10:50,A28,중앙공원,101,63,38,62.4,2026-05-02 07:10:01
2026-05-02 07:10:50,A29,장전역,190,52,138,27.4,2026-05-02 07:10:01
2026-05-02 07:10:50,A30,사상역 광장,0,-90,90,0.0,2026-05-02 07:10:01
2026-05-02 07:10:50,A32,남산역,210,96,114,45.7,2026-05-02 07:10:01
2026-05-02 07:10:50,A33,하단역,151,72,79,47.7,2026-05-02 07:10:01
2026-05-02 07:10:50,A34,명륜역,185,91,94,49.2,2026-05-02 07:10:01
2026-05-02 07:10:50,A35,동래역,400,209,191,52.2,2026-05-02 07:10:01
2026-05-02 07:10:50,A36,해운대광장,164,164,0,100.0,2026-05-02 07:10:01
2026-05-02 07:10:50,A37,롯데 광복점 뒤(2),22,6,16,27.3,2026-05-02 07:10:01
2026-05-02 07:10:50,A40,반여2배수지,111,54,57,48.6,2026-05-02 07:10:01
2026-05-02 07:10:50,A41,요트경기장 앞 1구역,231,43,188,18.6,2026-05-02 07:10:01
2026-05-02 07:10:50,A42,삼락천로,124,45,79,36.3,2026-05-02 07:10:01
2026-05-02 07:10:50,A43,부전복개도로1,20,10,10,50.0,2026-05-02 07:10:01
2026-05-02 07:10:50,A44,부전복개도로2,23,6,17,26.1,2026-05-02 07:10:01
2026-05-02 07:10:50,A45,적십자회관,31,0,31,0.0,2026-05-02 07:10:01
2026-05-02 07:10:50,A48,대연고가밑,46,7,39,15.2,2026-05-02 07:10:01
2026-05-02 07:10:50,A49,골드테마거리,16,2,14,12.5,2026-05-02 07:10:01
2026-05-02 07:10:50,A50,요트경기장 앞 2구역,68,19,49,27.9,2026-05-02 07:10:01
2026-05-02 07:10:50,A432,수안동주차빌딩,60,10,50,16.7,2026-05-02 07:10:01
2026-05-02 07:10:50,A433,구남역,122,50,72,41.0,2026-05-02 07:10:01
2026-05-02 07:10:50,A434,만덕2동사앞복개,73,31,42,42.5,2026-05-02 07:10:01
2026-05-02 08:13:45,A01,"반송1, 3동 공영",152,115,37,75.7,2026-05-02 08:10:00
2026-05-02 08:13:45,A02,삼락재첩거리,126,55,71,43.7,2026-05-02 08:10:00
2026-05-02 08:13:45,A03,수변어린이공원,149,74,75,49.7,2026-05-02 08:10:00
2026-05-02 08:13:45,A04,장산역 1번,87,38,49,43.7,2026-05-02 08:10:00
2026-05-02 08:13:45,A05,장산역 2번,104,34,70,32.7,2026-05-02 08:10:00
2026-05-02 08:13:45,A06,좌1동,68,27,41,39.7,2026-05-02 08:10:00
2026-05-02 08:13:45,A07,노포역,390,334,56,85.6,2026-05-02 08:10:00
2026-05-02 08:13:45,A09,두산위브 뒤,45,38,7,84.4,2026-05-02 08:10:00
2026-05-02 08:13:45,A10,대우1차아파트 앞,76,11,65,14.5,2026-05-02 08:10:00
2026-05-02 08:13:45,A11,부산기계공고 후문,78,73,5,93.6,2026-05-02 08:10:00
2026-05-02 08:13:45,A12,해운대 센텀시티,83,21,62,25.3,2026-05-02 08:10:00
2026-05-02 08:13:45,A13,반여도서관 앞,312,167,145,53.5,2026-05-02 08:10:00
2026-05-02 08:13:45,A14,동대신동,24,24,0,100.0,2026-05-02 08:10:00
2026-05-02 08:13:45,A15,신선3동,84,27,57,32.1,2026-05-02 08:10:00
2026-05-02 08:13:45,A16,영선대로 지하 공영,122,74,48,60.7,2026-05-02 08:10:00
2026-05-02 08:13:45,A17,동백사거리,36,16,20,44.4,2026-05-02 08:10:00
2026-05-02 08:13:45,A18,중동이마트 옆,78,78,0,100.0,2026-05-02 08:10:00
2026-05-02 08:13:45,A19,부산대역(남측),224,34,190,15.2,2026-05-02 08:10:00
2026-05-02 08:13:45,A20,부산대역(북측),249,28,221,11.2,2026-05-02 08:10:00
2026-05-02 08:13:45,A21,화명역,37,24,13,64.9,2026-05-02 08:10:00
2026-05-02 08:13:45,A22,학장천 복개,270,170,100,63.0,2026-05-02 08:10:00
2026-05-02 08:13:45,A23,수변공원,102,54,48,52.9,2026-05-02 08:10:00
2026-05-02 08:13:45,A24,중동역,167,51,116,30.5,2026-05-02 08:10:00
2026-05-02 08:13:45,A25,미포공영,97,61,36,62.9,2026-05-02 08:10:00
2026-05-02 08:13:45,A26,온천장역(남측),247,137,110,55.5,2026-05-02 08:10:00
2026-05-02 08:13:45,A27,구서역,272,83,189,30.5,2026-05-02 08:10:00
2026-05-02 08:13:45,A28,중앙공원,101,60,41,59.4,2026-05-02 08:10:00
2026-05-02 08:13:45,A29,장전역,190,62,128,32.6,2026-05-02 08:10:00
2026-05-02 08:13:45,A30,사상역 광장,0,-90,90,0.0,2026-05-02 08:10:00
2026-05-02 08:13:45,A32,남산역,210,96,114,45.7,2026-05-02 08:10:00
2026-05-02 08:13:45,A33,하단역,151,95,56,62.9,2026-05-02 08:10:00
2026-05-02 08:13:45,A34,명륜역,185,91,94,49.2,2026-05-02 08:10:00
2026-05-02 08:13:45,A35,동래역,400,256,144,64.0,2026-05-02 08:10:00
2026-05-02 08:13:45,A36,해운대광장,164,164,0,100.0,2026-05-02 08:10:00
2026-05-02 08:13:45,A37,롯데 광복점 뒤(2),22,3,19,13.6,2026-05-02 08:10:00
2026-05-02 08:13:45,A40,반여2배수지,111,54,57,48.6,2026-05-02 08:10:00
2026-05-02 08:13:45,A41,요트경기장 앞 1구역,231,43,188,18.6,2026-05-02 08:10:00
2026-05-02 08:13:45,A42,삼락천로,124,46,78,37.1,2026-05-02 08:10:00
2026-05-02 08:13:45,A43,부전복개도로1,20,10,10,50.0,2026-05-02 08:10:00
2026-05-02 08:13:45,A44,부전복개도로2,23,6,17,26.1,2026-05-02 08:10:00
2026-05-02 08:13:45,A45,적십자회관,31,0,31,0.0,2026-05-02 08:10:00
2026-05-02 08:13:45,A48,대연고가밑,46,7,39,15.2,2026-05-02 08:10:00
2026-05-02 08:13:45,A49,골드테마거리,16,1,15,6.2,2026-05-02 08:10:00
2026-05-02 08:13:45,A50,요트경기장 앞 2구역,68,20,48,29.4,2026-05-02 08:10:00
2026-05-02 08:13:45,A432,수안동주차빌딩,60,10,50,16.7,2026-05-02 08:10:00
2026-05-02 08:13:45,A433,구남역,122,48,74,39.3,2026-05-02 08:10:00
2026-05-02 08:13:45,A434,만덕2동사앞복개,73,31,42,42.5,2026-05-02 08:10:00
2026-05-02 09:11:04,A01,"반송1, 3동 공영",152,116,36,76.3,2026-05-02 09:10:00
2026-05-02 09:11:04,A02,삼락재첩거리,126,56,70,44.4,2026-05-02 09:10:00
2026-05-02 09:11:04,A03,수변어린이공원,149,78,71,52.3,2026-05-02 09:10:00
2026-05-02 09:11:04,A04,장산역 1번,87,46,41,52.9,2026-05-02 09:10:00
2026-05-02 09:11:04,A05,장산역 2번,104,51,53,49.0,2026-05-02 09:10:00
2026-05-02 09:11:04,A06,좌1동,68,38,30,55.9,2026-05-02 09:10:00
2026-05-02 09:11:04,A07,노포역,390,390,0,100.0,2026-05-02 09:10:00
2026-05-02 09:11:04,A09,두산위브 뒤,45,37,8,82.2,2026-05-02 09:10:00
2026-05-02 09:11:04,A10,대우1차아파트 앞,76,22,54,28.9,2026-05-02 09:10:00
2026-05-02 09:11:04,A11,부산기계공고 후문,78,73,5,93.6,2026-05-02 09:10:00
2026-05-02 09:11:04,A12,해운대 센텀시티,83,80,3,96.4,2026-05-02 09:10:00
2026-05-02 09:11:04,A13,반여도서관 앞,312,156,156,50.0,2026-05-02 09:10:00
2026-05-02 09:11:04,A14,동대신동,24,24,0,100.0,2026-05-02 09:10:00
2026-05-02 09:11:04,A15,신선3동,84,33,51,39.3,2026-05-02 09:10:00
2026-05-02 09:11:04,A16,영선대로 지하 공영,122,99,23,81.1,2026-05-02 09:10:00
2026-05-02 09:11:04,A17,동백사거리,36,21,15,58.3,2026-05-02 09:10:00
2026-05-02 09:11:04,A18,중동이마트 옆,78,79,-1,101.3,2026-05-02 09:10:00
2026-05-02 09:11:04,A19,부산대역(남측),224,44,180,19.6,2026-05-02 09:10:00
2026-05-02 09:11:04,A20,부산대역(북측),249,36,213,14.5,2026-05-02 09:10:00
2026-05-02 09:11:04,A21,화명역,37,32,5,86.5,2026-05-02 09:10:00
2026-05-02 09:11:04,A22,학장천 복개,270,180,90,66.7,2026-05-02 09:10:00
2026-05-02 09:11:04,A23,수변공원,102,65,37,63.7,2026-05-02 09:10:00
2026-05-02 09:11:04,A24,중동역,167,69,98,41.3,2026-05-02 09:10:00
2026-05-02 09:11:04,A25,미포공영,97,81,16,83.5,2026-05-02 09:10:00
2026-05-02 09:11:04,A26,온천장역(남측),247,179,68,72.5,2026-05-02 09:10:00
2026-05-02 09:11:04,A27,구서역,272,123,149,45.2,2026-05-02 09:10:00
2026-05-02 09:11:04,A28,중앙공원,101,64,37,63.4,2026-05-02 09:10:00
2026-05-02 09:11:04,A29,장전역,190,84,106,44.2,2026-05-02 09:10:00
2026-05-02 09:11:04,A30,사상역 광장,0,-90,90,0.0,2026-05-02 09:10:00
2026-05-02 09:11:04,A32,남산역,210,96,114,45.7,2026-05-02 09:10:00
2026-05-02 09:11:04,A33,하단역,151,134,17,88.7,2026-05-02 09:10:00
2026-05-02 09:11:04,A34,명륜역,185,91,94,49.2,2026-05-02 09:10:00
2026-05-02 09:11:04,A35,동래역,400,275,125,68.8,2026-05-02 09:10:00
2026-05-02 09:11:04,A36,해운대광장,164,164,0,100.0,2026-05-02 09:10:00
2026-05-02 09:11:04,A37,롯데 광복점 뒤(2),22,5,17,22.7,2026-05-02 09:10:00
2026-05-02 09:11:04,A40,반여2배수지,111,52,59,46.8,2026-05-02 09:10:00
2026-05-02 09:11:04,A41,요트경기장 앞 1구역,231,43,188,18.6,2026-05-02 09:10:00
2026-05-02 09:11:04,A42,삼락천로,124,48,76,38.7,2026-05-02 09:10:00
2026-05-02 09:11:04,A43,부전복개도로1,20,6,14,30.0,2026-05-02 09:10:00
2026-05-02 09:11:04,A44,부전복개도로2,23,11,12,47.8,2026-05-02 09:10:00
2026-05-02 09:11:04,A45,적십자회관,31,0,31,0.0,2026-05-02 09:10:00
2026-05-02 09:11:04,A48,대연고가밑,46,12,34,26.1,2026-05-02 09:10:00
2026-05-02 09:11:04,A49,골드테마거리,16,7,9,43.8,2026-05-02 09:10:00
2026-05-02 09:11:04,A50,요트경기장 앞 2구역,68,17,51,25.0,2026-05-02 09:10:00
2026-05-02 09:11:04,A432,수안동주차빌딩,60,16,44,26.7,2026-05-02 09:10:00
2026-05-02 09:11:04,A433,구남역,122,45,77,36.9,2026-05-02 09:10:00
2026-05-02 09:11:04,A434,만덕2동사앞복개,73,40,33,54.8,2026-05-02 09:10:00
2026-05-02 12:57:52,A01,"반송1, 3동 공영",152,52,100,34.2,2026-05-02 12:55:00
2026-05-02 12:57:52,A02,삼락재첩거리,126,58,68,46.0,2026-05-02 12:55:00
2026-05-02 12:57:52,A03,수변어린이공원,149,149,0,100.0,2026-05-02 12:55:00
2026-05-02 12:57:52,A04,장산역 1번,87,72,15,82.8,2026-05-02 12:55:00
2026-05-02 12:57:52,A05,장산역 2번,104,101,3,97.1,2026-05-02 12:55:00
2026-05-02 12:57:52,A06,좌1동,68,53,15,77.9,2026-05-02 12:55:00
2026-05-02 12:57:52,A07,노포역,390,390,0,100.0,2026-05-02 12:55:00
2026-05-02 12:57:52,A09,두산위브 뒤,45,44,1,97.8,2026-05-02 12:55:00
2026-05-02 12:57:52,A10,대우1차아파트 앞,76,2,74,2.6,2026-05-02 12:55:00
2026-05-02 12:57:52,A11,부산기계공고 후문,78,73,5,93.6,2026-05-02 12:55:00
2026-05-02 12:57:52,A12,해운대 센텀시티,83,31,52,37.3,2026-05-02 12:55:00
2026-05-02 12:57:52,A13,반여도서관 앞,312,156,156,50.0,2026-05-02 12:55:00
2026-05-02 12:57:52,A14,동대신동,24,24,0,100.0,2026-05-02 12:55:00
2026-05-02 12:57:52,A15,신선3동,84,78,6,92.9,2026-05-02 12:55:00
2026-05-02 12:57:52,A16,영선대로 지하 공영,122,111,11,91.0,2026-05-02 12:55:00
2026-05-02 12:57:52,A17,동백사거리,36,31,5,86.1,2026-05-02 12:55:00
2026-05-02 12:57:52,A18,중동이마트 옆,78,78,0,100.0,2026-05-02 12:55:00
2026-05-02 12:57:52,A19,부산대역(남측),224,211,13,94.2,2026-05-02 12:55:00
2026-05-02 12:57:52,A20,부산대역(북측),249,209,40,83.9,2026-05-02 12:55:00
2026-05-02 12:57:52,A21,화명역,37,33,4,89.2,2026-05-02 12:55:00
2026-05-02 12:57:52,A22,학장천 복개,270,189,81,70.0,2026-05-02 12:55:00
2026-05-02 12:57:52,A23,수변공원,102,101,1,99.0,2026-05-02 12:55:00
2026-05-02 12:57:52,A24,중동역,167,95,72,56.9,2026-05-02 12:55:00
2026-05-02 12:57:52,A25,미포공영,97,97,0,100.0,2026-05-02 12:55:00
2026-05-02 12:57:52,A26,온천장역(남측),247,226,21,91.5,2026-05-02 12:55:00
2026-05-02 12:57:52,A27,구서역,272,181,91,66.5,2026-05-02 12:55:00
2026-05-02 12:57:52,A28,중앙공원,101,71,30,70.3,2026-05-02 12:55:00
2026-05-02 12:57:52,A29,장전역,190,105,85,55.3,2026-05-02 12:55:00
2026-05-02 12:57:52,A30,사상역 광장,0,-90,90,0.0,2026-05-02 12:55:00
2026-05-02 12:57:52,A32,남산역,210,121,89,57.6,2026-05-02 12:55:00
2026-05-02 12:57:52,A33,하단역,151,147,4,97.4,2026-05-02 12:55:00
2026-05-02 12:57:52,A34,명륜역,185,91,94,49.2,2026-05-02 12:55:00
2026-05-02 12:57:52,A35,동래역,400,353,47,88.2,2026-05-02 12:55:00
2026-05-02 12:57:52,A36,해운대광장,164,164,0,100.0,2026-05-02 12:55:00
2026-05-02 12:57:52,A37,롯데 광복점 뒤(2),22,15,7,68.2,2026-05-02 12:55:00
2026-05-02 12:57:52,A40,반여2배수지,111,50,61,45.0,2026-05-02 12:55:00
2026-05-02 12:57:52,A41,요트경기장 앞 1구역,231,43,188,18.6,2026-05-02 12:55:00
2026-05-02 12:57:52,A42,삼락천로,124,42,82,33.9,2026-05-02 12:55:00
2026-05-02 12:57:52,A43,부전복개도로1,20,17,3,85.0,2026-05-02 12:55:00
2026-05-02 12:57:52,A44,부전복개도로2,23,19,4,82.6,2026-05-02 12:55:00
2026-05-02 12:57:52,A45,적십자회관,31,0,31,0.0,2026-05-02 12:55:00
2026-05-02 12:57:52,A48,대연고가밑,46,6,40,13.0,2026-05-02 12:55:00
2026-05-02 12:57:52,A49,골드테마거리,16,14,2,87.5,2026-05-02 12:55:00
2026-05-02 12:57:52,A50,요트경기장 앞 2구역,68,33,35,48.5,2026-05-02 12:55:00
2026-05-02 12:57:52,A432,수안동주차빌딩,60,21,39,35.0,2026-05-02 12:55:00
2026-05-02 12:57:52,A433,구남역,122,59,63,48.4,2026-05-02 12:55:00
2026-05-02 12:57:52,A434,만덕2동사앞복개,73,47,26,64.4,2026-05-02 12:55:00
2026-05-02 15:07:47,A01,"반송1, 3동 공영",152,52,100,34.2,2026-05-02 15:05:01
2026-05-02 15:07:47,A02,삼락재첩거리,126,58,68,46.0,2026-05-02 15:05:01
2026-05-02 15:07:47,A03,수변어린이공원,149,149,0,100.0,2026-05-02 15:05:01
2026-05-02 15:07:47,A04,장산역 1번,87,83,4,95.4,2026-05-02 15:05:01
2026-05-02 15:07:47,A05,장산역 2번,104,100,4,96.2,2026-05-02 15:05:01
2026-05-02 15:07:47,A06,좌1동,68,59,9,86.8,2026-05-02 15:05:01
2026-05-02 15:07:47,A07,노포역,390,390,0,100.0,2026-05-02 15:05:01
2026-05-02 15:07:47,A09,두산위브 뒤,45,37,8,82.2,2026-05-02 15:05:01
2026-05-02 15:07:47,A10,대우1차아파트 앞,76,2,74,2.6,2026-05-02 15:05:01
2026-05-02 15:07:47,A11,부산기계공고 후문,78,73,5,93.6,2026-05-02 15:05:01
2026-05-02 15:07:47,A12,해운대 센텀시티,83,28,55,33.7,2026-05-02 15:05:01
2026-05-02 15:07:47,A13,반여도서관 앞,312,165,147,52.9,2026-05-02 15:05:01
2026-05-02 15:07:47,A14,동대신동,24,24,0,100.0,2026-05-02 15:05:01
2026-05-02 15:07:47,A15,신선3동,84,79,5,94.0,2026-05-02 15:05:01
2026-05-02 15:07:47,A16,영선대로 지하 공영,122,98,24,80.3,2026-05-02 15:05:01
2026-05-02 15:07:47,A17,동백사거리,36,33,3,91.7,2026-05-02 15:05:01
2026-05-02 15:07:47,A18,중동이마트 옆,78,70,8,89.7,2026-05-02 15:05:01
2026-05-02 15:07:47,A19,부산대역(남측),224,224,0,100.0,2026-05-02 15:05:01
2026-05-02 15:07:47,A20,부산대역(북측),249,246,3,98.8,2026-05-02 15:05:01
2026-05-02 15:07:47,A21,화명역,37,33,4,89.2,2026-05-02 15:05:01
2026-05-02 15:07:47,A22,학장천 복개,270,140,130,51.9,2026-05-02 15:05:01
2026-05-02 15:07:47,A23,수변공원,102,101,1,99.0,2026-05-02 15:05:01
2026-05-02 15:07:47,A24,중동역,167,80,87,47.9,2026-05-02 15:05:01
2026-05-02 15:07:47,A25,미포공영,97,98,-1,101.0,2026-05-02 15:05:01
2026-05-02 15:07:47,A26,온천장역(남측),247,201,46,81.4,2026-05-02 15:05:01
2026-05-02 15:07:47,A27,구서역,272,152,120,55.9,2026-05-02 15:05:01
2026-05-02 15:07:47,A28,중앙공원,101,77,24,76.2,2026-05-02 15:05:01
2026-05-02 15:07:47,A29,장전역,190,102,88,53.7,2026-05-02 15:05:01
2026-05-02 15:07:47,A30,사상역 광장,0,-90,90,0.0,2026-05-02 15:05:01
2026-05-02 15:07:47,A32,남산역,210,96,114,45.7,2026-05-02 15:05:01
2026-05-02 15:07:47,A33,하단역,151,133,18,88.1,2026-05-02 15:05:01
2026-05-02 15:07:47,A34,명륜역,185,97,88,52.4,2026-05-02 15:05:01
2026-05-02 15:07:47,A35,동래역,400,385,15,96.2,2026-05-02 15:05:01
2026-05-02 15:07:47,A36,해운대광장,164,164,0,100.0,2026-05-02 15:05:01
2026-05-02 15:07:47,A37,롯데 광복점 뒤(2),22,10,12,45.5,2026-05-02 15:05:01
2026-05-02 15:07:47,A40,반여2배수지,111,51,60,45.9,2026-05-02 15:05:01
2026-05-02 15:07:47,A41,요트경기장 앞 1구역,231,53,178,22.9,2026-05-02 15:05:01
2026-05-02 15:07:47,A42,삼락천로,124,44,80,35.5,2026-05-02 15:05:01
2026-05-02 15:07:47,A43,부전복개도로1,20,17,3,85.0,2026-05-02 15:05:01
2026-05-02 15:07:47,A44,부전복개도로2,23,16,7,69.6,2026-05-02 15:05:01
2026-05-02 15:07:47,A45,적십자회관,31,0,31,0.0,2026-05-02 15:05:01
2026-05-02 15:07:47,A48,대연고가밑,46,0,46,0.0,2026-05-02 15:05:01
2026-05-02 15:07:47,A49,골드테마거리,16,16,0,100.0,2026-05-02 15:05:01
2026-05-02 15:07:47,A50,요트경기장 앞 2구역,68,54,14,79.4,2026-05-02 15:05:01
2026-05-02 15:07:47,A432,수안동주차빌딩,60,18,42,30.0,2026-05-02 15:05:01
2026-05-02 15:07:47,A433,구남역,122,55,67,45.1,2026-05-02 15:05:01
2026-05-02 15:07:47,A434,만덕2동사앞복개,73,51,22,69.9,2026-05-02 15:05:01
2026-05-02 17:05:05,A01,"반송1, 3동 공영",152,52,100,34.2,2026-05-02 17:05:01
2026-05-02 17:05:05,A02,삼락재첩거리,126,62,64,49.2,2026-05-02 17:05:01
2026-05-02 17:05:05,A03,수변어린이공원,149,149,0,100.0,2026-05-02 17:05:01
2026-05-02 17:05:05,A04,장산역 1번,87,79,8,90.8,2026-05-02 17:05:01
2026-05-02 17:05:05,A05,장산역 2번,104,87,17,83.7,2026-05-02 17:05:01
2026-05-02 17:05:05,A06,좌1동,68,47,21,69.1,2026-05-02 17:05:01
2026-05-02 17:05:05,A07,노포역,390,390,0,100.0,2026-05-02 17:05:01
2026-05-02 17:05:05,A09,두산위브 뒤,45,36,9,80.0,2026-05-02 17:05:01
2026-05-02 17:05:05,A10,대우1차아파트 앞,76,2,74,2.6,2026-05-02 17:05:01
2026-05-02 17:05:05,A11,부산기계공고 후문,78,73,5,93.6,2026-05-02 17:05:01
2026-05-02 17:05:05,A12,해운대 센텀시티,83,24,59,28.9,2026-05-02 17:05:01
2026-05-02 17:05:05,A13,반여도서관 앞,312,212,100,67.9,2026-05-02 17:05:01
2026-05-02 17:05:05,A14,동대신동,24,24,0,100.0,2026-05-02 17:05:01
2026-05-02 17:05:05,A15,신선3동,84,81,3,96.4,2026-05-02 17:05:01
2026-05-02 17:05:05,A16,영선대로 지하 공영,122,115,7,94.3,2026-05-02 17:05:01
2026-05-02 17:05:05,A17,동백사거리,36,27,9,75.0,2026-05-02 17:05:01
2026-05-02 17:05:05,A18,중동이마트 옆,78,68,10,87.2,2026-05-02 17:05:01
2026-05-02 17:05:05,A19,부산대역(남측),224,204,20,91.1,2026-05-02 17:05:01
2026-05-02 17:05:05,A20,부산대역(북측),249,220,29,88.4,2026-05-02 17:05:01
2026-05-02 17:05:05,A21,화명역,37,33,4,89.2,2026-05-02 17:05:01
2026-05-02 17:05:05,A22,학장천 복개,270,170,100,63.0,2026-05-02 17:05:01
2026-05-02 17:05:05,A23,수변공원,102,101,1,99.0,2026-05-02 17:05:01
2026-05-02 17:05:05,A24,중동역,167,68,99,40.7,2026-05-02 17:05:01
2026-05-02 17:05:05,A25,미포공영,97,97,0,100.0,2026-05-02 17:05:01
2026-05-02 17:05:05,A26,온천장역(남측),247,182,65,73.7,2026-05-02 17:05:01
2026-05-02 17:05:05,A27,구서역,272,154,118,56.6,2026-05-02 17:05:01
2026-05-02 17:05:05,A28,중앙공원,101,71,30,70.3,2026-05-02 17:05:01
2026-05-02 17:05:05,A29,장전역,190,94,96,49.5,2026-05-02 17:05:01
2026-05-02 17:05:05,A30,사상역 광장,0,-90,90,0.0,2026-05-02 17:05:01
2026-05-02 17:05:05,A32,남산역,210,133,77,63.3,2026-05-02 17:05:01
2026-05-02 17:05:05,A33,하단역,151,128,23,84.8,2026-05-02 17:05:01
2026-05-02 17:05:05,A34,명륜역,185,104,81,56.2,2026-05-02 17:05:01
2026-05-02 17:05:05,A35,동래역,400,398,2,99.5,2026-05-02 17:05:01
2026-05-02 17:05:05,A36,해운대광장,164,163,1,99.4,2026-05-02 17:05:01
2026-05-02 17:05:05,A37,롯데 광복점 뒤(2),22,8,14,36.4,2026-05-02 17:05:01
2026-05-02 17:05:05,A40,반여2배수지,111,51,60,45.9,2026-05-02 17:05:01
2026-05-02 17:05:05,A41,요트경기장 앞 1구역,231,72,159,31.2,2026-05-02 17:05:01
2026-05-02 17:05:05,A42,삼락천로,124,46,78,37.1,2026-05-02 17:05:01
2026-05-02 17:05:05,A43,부전복개도로1,20,16,4,80.0,2026-05-02 17:05:01
2026-05-02 17:05:05,A44,부전복개도로2,23,19,4,82.6,2026-05-02 17:05:01
2026-05-02 17:05:05,A45,적십자회관,31,0,31,0.0,2026-05-02 17:05:01
2026-05-02 17:05:05,A48,대연고가밑,46,1,45,2.2,2026-05-02 17:05:01
2026-05-02 17:05:05,A49,골드테마거리,16,16,0,100.0,2026-05-02 17:05:01
2026-05-02 17:05:05,A50,요트경기장 앞 2구역,68,68,0,100.0,2026-05-02 17:05:01
2026-05-02 17:05:05,A432,수안동주차빌딩,60,18,42,30.0,2026-05-02 17:05:01
2026-05-02 17:05:05,A433,구남역,122,52,70,42.6,2026-05-02 17:05:01
2026-05-02 17:05:05,A434,만덕2동사앞복개,73,45,28,61.6,2026-05-02 17:05:01
2026-05-02 18:39:02,A01,"반송1, 3동 공영",152,115,37,75.7,2026-05-02 18:35:00
2026-05-02 18:39:02,A02,삼락재첩거리,126,60,66,47.6,2026-05-02 18:35:00
2026-05-02 18:39:02,A03,수변어린이공원,149,149,0,100.0,2026-05-02 18:35:00
2026-05-02 18:39:02,A04,장산역 1번,87,84,3,96.6,2026-05-02 18:35:00
2026-05-02 18:39:02,A05,장산역 2번,104,82,22,78.8,2026-05-02 18:35:00
2026-05-02 18:39:02,A06,좌1동,68,66,2,97.1,2026-05-02 18:35:00
2026-05-02 18:39:02,A07,노포역,390,375,15,96.2,2026-05-02 18:35:00
2026-05-02 18:39:02,A09,두산위브 뒤,45,33,12,73.3,2026-05-02 18:35:00
2026-05-02 18:39:02,A10,대우1차아파트 앞,76,35,41,46.1,2026-05-02 18:35:00
2026-05-02 18:39:02,A11,부산기계공고 후문,78,73,5,93.6,2026-05-02 18:35:00
2026-05-02 18:39:02,A12,해운대 센텀시티,83,22,61,26.5,2026-05-02 18:35:00
2026-05-02 18:39:02,A13,반여도서관 앞,312,212,100,67.9,2026-05-02 18:35:00
2026-05-02 18:39:02,A14,동대신동,24,24,0,100.0,2026-05-02 18:35:00
2026-05-02 18:39:02,A15,신선3동,84,47,37,56.0,2026-05-02 18:35:00
2026-05-02 18:39:02,A16,영선대로 지하 공영,122,107,15,87.7,2026-05-02 18:35:00
2026-05-02 18:39:02,A17,동백사거리,36,26,10,72.2,2026-05-02 18:35:00
2026-05-02 18:39:02,A18,중동이마트 옆,78,78,0,100.0,2026-05-02 18:35:00
2026-05-02 18:39:02,A19,부산대역(남측),224,194,30,86.6,2026-05-02 18:35:00
2026-05-02 18:39:02,A20,부산대역(북측),249,186,63,74.7,2026-05-02 18:35:00
2026-05-02 18:39:02,A21,화명역,37,33,4,89.2,2026-05-02 18:35:00
2026-05-02 18:39:02,A22,학장천 복개,270,170,100,63.0,2026-05-02 18:35:00
2026-05-02 18:39:02,A23,수변공원,102,101,1,99.0,2026-05-02 18:35:00
2026-05-02 18:39:02,A24,중동역,167,76,91,45.5,2026-05-02 18:35:00
2026-05-02 18:39:02,A25,미포공영,97,92,5,94.8,2026-05-02 18:35:00
2026-05-02 18:39:02,A26,온천장역(남측),247,155,92,62.8,2026-05-02 18:35:00
2026-05-02 18:39:02,A27,구서역,272,210,62,77.2,2026-05-02 18:35:00
2026-05-02 18:39:02,A28,중앙공원,101,56,45,55.4,2026-05-02 18:35:00
2026-05-02 18:39:02,A29,장전역,190,95,95,50.0,2026-05-02 18:35:00
2026-05-02 18:39:02,A30,사상역 광장,0,-90,90,0.0,2026-05-02 18:35:00
2026-05-02 18:39:02,A32,남산역,210,126,84,60.0,2026-05-02 18:35:00
2026-05-02 18:39:02,A33,하단역,151,119,32,78.8,2026-05-02 18:35:00
2026-05-02 18:39:02,A34,명륜역,185,119,66,64.3,2026-05-02 18:35:00
2026-05-02 18:39:02,A35,동래역,400,400,0,100.0,2026-05-02 18:35:00
2026-05-02 18:39:02,A36,해운대광장,164,164,0,100.0,2026-05-02 18:35:00
2026-05-02 18:39:02,A37,롯데 광복점 뒤(2),22,9,13,40.9,2026-05-02 18:35:00
2026-05-02 18:39:02,A40,반여2배수지,111,57,54,51.4,2026-05-02 18:35:00
2026-05-02 18:39:02,A41,요트경기장 앞 1구역,231,94,137,40.7,2026-05-02 18:35:00
2026-05-02 18:39:02,A42,삼락천로,124,39,85,31.5,2026-05-02 18:35:00
2026-05-02 18:39:02,A43,부전복개도로1,20,15,5,75.0,2026-05-02 18:35:00
2026-05-02 18:39:02,A44,부전복개도로2,23,17,6,73.9,2026-05-02 18:35:00
2026-05-02 18:39:02,A45,적십자회관,31,0,31,0.0,2026-05-02 18:35:00
2026-05-02 18:39:02,A48,대연고가밑,46,1,45,2.2,2026-05-02 18:35:00
2026-05-02 18:39:02,A49,골드테마거리,16,9,7,56.2,2026-05-02 18:35:00
2026-05-02 18:39:02,A50,요트경기장 앞 2구역,68,65,3,95.6,2026-05-02 18:35:00
2026-05-02 18:39:02,A432,수안동주차빌딩,60,18,42,30.0,2026-05-02 18:35:00
2026-05-02 18:39:02,A433,구남역,122,49,73,40.2,2026-05-02 18:35:00
2026-05-02 18:39:02,A434,만덕2동사앞복개,73,44,29,60.3,2026-05-02 18:35:00
2026-05-02 19:44:29,A01,"반송1, 3동 공영",152,114,38,75.0,2026-05-02 19:40:00
2026-05-02 19:44:29,A02,삼락재첩거리,126,57,69,45.2,2026-05-02 19:40:00
2026-05-02 19:44:29,A03,수변어린이공원,149,149,0,100.0,2026-05-02 19:40:00
2026-05-02 19:44:29,A04,장산역 1번,87,87,0,100.0,2026-05-02 19:40:00
2026-05-02 19:44:29,A05,장산역 2번,104,79,25,76.0,2026-05-02 19:40:00
2026-05-02 19:44:29,A06,좌1동,68,56,12,82.4,2026-05-02 19:40:00
2026-05-02 19:44:29,A07,노포역,390,345,45,88.5,2026-05-02 19:40:00
2026-05-02 19:44:29,A09,두산위브 뒤,45,37,8,82.2,2026-05-02 19:40:00
2026-05-02 19:44:29,A10,대우1차아파트 앞,76,28,48,36.8,2026-05-02 19:40:00
2026-05-02 19:44:29,A11,부산기계공고 후문,78,77,1,98.7,2026-05-02 19:40:00
2026-05-02 19:44:29,A12,해운대 센텀시티,83,80,3,96.4,2026-05-02 19:40:00
2026-05-02 19:44:29,A13,반여도서관 앞,312,212,100,67.9,2026-05-02 19:40:00
2026-05-02 19:44:29,A14,동대신동,24,24,0,100.0,2026-05-02 19:40:00
2026-05-02 19:44:29,A15,신선3동,84,33,51,39.3,2026-05-02 19:40:00
2026-05-02 19:44:29,A16,영선대로 지하 공영,122,95,27,77.9,2026-05-02 19:40:00
2026-05-02 19:44:29,A17,동백사거리,36,25,11,69.4,2026-05-02 19:40:00
2026-05-02 19:44:29,A18,중동이마트 옆,78,78,0,100.0,2026-05-02 19:40:00
2026-05-02 19:44:29,A19,부산대역(남측),224,191,33,85.3,2026-05-02 19:40:00
2026-05-02 19:44:29,A20,부산대역(북측),249,194,55,77.9,2026-05-02 19:40:00
2026-05-02 19:44:29,A21,화명역,37,37,0,100.0,2026-05-02 19:40:00
2026-05-02 19:44:29,A22,학장천 복개,270,170,100,63.0,2026-05-02 19:40:00
2026-05-02 19:44:29,A23,수변공원,102,101,1,99.0,2026-05-02 19:40:00
2026-05-02 19:44:29,A24,중동역,167,73,94,43.7,2026-05-02 19:40:00
2026-05-02 19:44:29,A25,미포공영,97,94,3,96.9,2026-05-02 19:40:00
2026-05-02 19:44:29,A26,온천장역(남측),247,165,82,66.8,2026-05-02 19:40:00
2026-05-02 19:44:29,A27,구서역,272,191,81,70.2,2026-05-02 19:40:00
2026-05-02 19:44:29,A28,중앙공원,101,54,47,53.5,2026-05-02 19:40:00
2026-05-02 19:44:29,A29,장전역,190,95,95,50.0,2026-05-02 19:40:00
2026-05-02 19:44:29,A30,사상역 광장,0,-90,90,0.0,2026-05-02 19:40:00
2026-05-02 19:44:29,A32,남산역,210,96,114,45.7,2026-05-02 19:40:00
2026-05-02 19:44:29,A33,하단역,151,119,32,78.8,2026-05-02 19:40:00
2026-05-02 19:44:29,A34,명륜역,185,91,94,49.2,2026-05-02 19:40:00
2026-05-02 19:44:29,A35,동래역,400,400,0,100.0,2026-05-02 19:40:00
2026-05-02 19:44:29,A36,해운대광장,164,165,-1,100.6,2026-05-02 19:40:00
2026-05-02 19:44:29,A37,롯데 광복점 뒤(2),22,9,13,40.9,2026-05-02 19:40:00
2026-05-02 19:44:29,A40,반여2배수지,111,57,54,51.4,2026-05-02 19:40:00
2026-05-02 19:44:29,A41,요트경기장 앞 1구역,231,94,137,40.7,2026-05-02 19:40:00
2026-05-02 19:44:29,A42,삼락천로,124,38,86,30.6,2026-05-02 19:40:00
2026-05-02 19:44:29,A43,부전복개도로1,20,16,4,80.0,2026-05-02 19:40:00
2026-05-02 19:44:29,A44,부전복개도로2,23,13,10,56.5,2026-05-02 19:40:00
2026-05-02 19:44:29,A45,적십자회관,31,0,31,0.0,2026-05-02 19:40:00
2026-05-02 19:44:29,A48,대연고가밑,46,1,45,2.2,2026-05-02 19:40:00
2026-05-02 19:44:29,A49,골드테마거리,16,4,12,25.0,2026-05-02 19:40:00
2026-05-02 19:44:29,A50,요트경기장 앞 2구역,68,60,8,88.2,2026-05-02 19:40:00
2026-05-02 19:44:29,A432,수안동주차빌딩,60,18,42,30.0,2026-05-02 19:40:00
2026-05-02 19:44:29,A433,구남역,122,49,73,40.2,2026-05-02 19:40:00
2026-05-02 19:44:29,A434,만덕2동사앞복개,73,41,32,56.2,2026-05-02 19:40:00
2026-05-02 20:39:30,A01,"반송1, 3동 공영",152,116,36,76.3,2026-05-02 20:35:00
2026-05-02 20:39:30,A02,삼락재첩거리,126,59,67,46.8,2026-05-02 20:35:00
2026-05-02 20:39:30,A03,수변어린이공원,149,149,0,100.0,2026-05-02 20:35:00
2026-05-02 20:39:30,A04,장산역 1번,87,78,9,89.7,2026-05-02 20:35:00
2026-05-02 20:39:30,A05,장산역 2번,104,68,36,65.4,2026-05-02 20:35:00
2026-05-02 20:39:30,A06,좌1동,68,58,10,85.3,2026-05-02 20:35:00
2026-05-02 20:39:30,A07,노포역,390,304,86,77.9,2026-05-02 20:35:00
2026-05-02 20:39:30,A09,두산위브 뒤,45,34,11,75.6,2026-05-02 20:35:00
2026-05-02 20:39:30,A10,대우1차아파트 앞,76,2,74,2.6,2026-05-02 20:35:00
2026-05-02 20:39:30,A11,부산기계공고 후문,78,73,5,93.6,2026-05-02 20:35:00
2026-05-02 20:39:30,A12,해운대 센텀시티,83,80,3,96.4,2026-05-02 20:35:00
2026-05-02 20:39:30,A13,반여도서관 앞,312,212,100,67.9,2026-05-02 20:35:00
2026-05-02 20:39:30,A14,동대신동,24,24,0,100.0,2026-05-02 20:35:00
2026-05-02 20:39:30,A15,신선3동,84,28,56,33.3,2026-05-02 20:35:00
2026-05-02 20:39:30,A16,영선대로 지하 공영,122,80,42,65.6,2026-05-02 20:35:00
2026-05-02 20:39:30,A17,동백사거리,36,32,4,88.9,2026-05-02 20:35:00
2026-05-02 20:39:30,A18,중동이마트 옆,78,75,3,96.2,2026-05-02 20:35:00
2026-05-02 20:39:30,A19,부산대역(남측),224,164,60,73.2,2026-05-02 20:35:00
2026-05-02 20:39:30,A20,부산대역(북측),249,152,97,61.0,2026-05-02 20:35:00
2026-05-02 20:39:30,A21,화명역,37,35,2,94.6,2026-05-02 20:35:00
2026-05-02 20:39:30,A22,학장천 복개,270,170,100,63.0,2026-05-02 20:35:00
2026-05-02 20:39:30,A23,수변공원,102,102,0,100.0,2026-05-02 20:35:00
2026-05-02 20:39:30,A24,중동역,167,58,109,34.7,2026-05-02 20:35:00
2026-05-02 20:39:30,A25,미포공영,97,71,26,73.2,2026-05-02 20:35:00
2026-05-02 20:39:30,A26,온천장역(남측),247,154,93,62.3,2026-05-02 20:35:00
2026-05-02 20:39:30,A27,구서역,272,191,81,70.2,2026-05-02 20:35:00
2026-05-02 20:39:30,A28,중앙공원,101,60,41,59.4,2026-05-02 20:35:00
2026-05-02 20:39:30,A29,장전역,190,91,99,47.9,2026-05-02 20:35:00
2026-05-02 20:39:30,A30,사상역 광장,0,-90,90,0.0,2026-05-02 20:35:00
2026-05-02 20:39:30,A32,남산역,210,96,114,45.7,2026-05-02 20:35:00
2026-05-02 20:39:30,A33,하단역,151,107,44,70.9,2026-05-02 20:35:00
2026-05-02 20:39:30,A34,명륜역,185,113,72,61.1,2026-05-02 20:35:00
2026-05-02 20:39:30,A35,동래역,400,400,0,100.0,2026-05-02 20:35:00
2026-05-02 20:39:30,A36,해운대광장,164,164,0,100.0,2026-05-02 20:35:00
2026-05-02 20:39:30,A37,롯데 광복점 뒤(2),22,9,13,40.9,2026-05-02 20:35:00
2026-05-02 20:39:30,A40,반여2배수지,111,55,56,49.5,2026-05-02 20:35:00
2026-05-02 20:39:30,A41,요트경기장 앞 1구역,231,101,130,43.7,2026-05-02 20:35:00
2026-05-02 20:39:30,A42,삼락천로,124,36,88,29.0,2026-05-02 20:35:00
2026-05-02 20:39:30,A43,부전복개도로1,20,16,4,80.0,2026-05-02 20:35:00
2026-05-02 20:39:30,A44,부전복개도로2,23,13,10,56.5,2026-05-02 20:35:00
2026-05-02 20:39:30,A45,적십자회관,31,0,31,0.0,2026-05-02 20:35:00
2026-05-02 20:39:30,A48,대연고가밑,46,1,45,2.2,2026-05-02 20:35:00
2026-05-02 20:39:30,A49,골드테마거리,16,4,12,25.0,2026-05-02 20:35:00
2026-05-02 20:39:30,A50,요트경기장 앞 2구역,68,68,0,100.0,2026-05-02 20:35:00
2026-05-02 20:39:30,A432,수안동주차빌딩,60,18,42,30.0,2026-05-02 20:35:00
2026-05-02 20:39:30,A433,구남역,122,51,71,41.8,2026-05-02 20:35:00
2026-05-02 20:39:30,A434,만덕2동사앞복개,73,38,35,52.1,2026-05-02 20:35:00
2026-05-02 21:56:18,A01,"반송1, 3동 공영",152,118,34,77.6,2026-05-02 21:55:00
2026-05-02 21:56:18,A02,삼락재첩거리,126,58,68,46.0,2026-05-02 21:55:00
2026-05-02 21:56:18,A03,수변어린이공원,149,148,1,99.3,2026-05-02 21:55:00
2026-05-02 21:56:18,A04,장산역 1번,87,87,0,100.0,2026-05-02 21:55:00
2026-05-02 21:56:18,A05,장산역 2번,104,63,41,60.6,2026-05-02 21:55:00
2026-05-02 21:56:18,A06,좌1동,68,53,15,77.9,2026-05-02 21:55:00
2026-05-02 21:56:18,A07,노포역,390,246,144,63.1,2026-05-02 21:55:00
2026-05-02 21:56:18,A09,두산위브 뒤,45,34,11,75.6,2026-05-02 21:55:00
2026-05-02 21:56:18,A10,대우1차아파트 앞,76,2,74,2.6,2026-05-02 21:55:00
2026-05-02 21:56:18,A11,부산기계공고 후문,78,67,11,85.9,2026-05-02 21:55:00
2026-05-02 21:56:18,A12,해운대 센텀시티,83,80,3,96.4,2026-05-02 21:55:00
2026-05-02 21:56:18,A13,반여도서관 앞,312,212,100,67.9,2026-05-02 21:55:00
2026-05-02 21:56:18,A14,동대신동,24,24,0,100.0,2026-05-02 21:55:00
2026-05-02 21:56:18,A15,신선3동,84,28,56,33.3,2026-05-02 21:55:00
2026-05-02 21:56:18,A16,영선대로 지하 공영,122,70,52,57.4,2026-05-02 21:55:00
2026-05-02 21:56:18,A17,동백사거리,36,26,10,72.2,2026-05-02 21:55:00
2026-05-02 21:56:18,A18,중동이마트 옆,78,65,13,83.3,2026-05-02 21:55:00
2026-05-02 21:56:18,A19,부산대역(남측),224,92,132,41.1,2026-05-02 21:55:00
2026-05-02 21:56:18,A20,부산대역(북측),249,93,156,37.3,2026-05-02 21:55:00
2026-05-02 21:56:18,A21,화명역,37,33,4,89.2,2026-05-02 21:55:00
2026-05-02 21:56:18,A22,학장천 복개,270,170,100,63.0,2026-05-02 21:55:00
2026-05-02 21:56:18,A23,수변공원,102,101,1,99.0,2026-05-02 21:55:00
2026-05-02 21:56:18,A24,중동역,167,47,120,28.1,2026-05-02 21:55:00
2026-05-02 21:56:18,A25,미포공영,97,46,51,47.4,2026-05-02 21:55:00
2026-05-02 21:56:18,A26,온천장역(남측),247,141,106,57.1,2026-05-02 21:55:00
2026-05-02 21:56:18,A27,구서역,272,139,133,51.1,2026-05-02 21:55:00
2026-05-02 21:56:18,A28,중앙공원,101,57,44,56.4,2026-05-02 21:55:00
2026-05-02 21:56:18,A29,장전역,190,74,116,38.9,2026-05-02 21:55:00
2026-05-02 21:56:18,A30,사상역 광장,0,-90,90,0.0,2026-05-02 21:55:00
2026-05-02 21:56:18,A32,남산역,210,96,114,45.7,2026-05-02 21:55:00
2026-05-02 21:56:18,A33,하단역,151,89,62,58.9,2026-05-02 21:55:00
2026-05-02 21:56:18,A34,명륜역,185,91,94,49.2,2026-05-02 21:55:00
2026-05-02 21:56:18,A35,동래역,400,384,16,96.0,2026-05-02 21:55:00
2026-05-02 21:56:18,A36,해운대광장,164,162,2,98.8,2026-05-02 21:55:00
2026-05-02 21:56:18,A37,롯데 광복점 뒤(2),22,9,13,40.9,2026-05-02 21:55:00
2026-05-02 21:56:18,A40,반여2배수지,111,53,58,47.7,2026-05-02 21:55:00
2026-05-02 21:56:18,A41,요트경기장 앞 1구역,231,58,173,25.1,2026-05-02 21:55:00
2026-05-02 21:56:18,A42,삼락천로,124,35,89,28.2,2026-05-02 21:55:00
2026-05-02 21:56:18,A43,부전복개도로1,20,16,4,80.0,2026-05-02 21:55:00
2026-05-02 21:56:18,A44,부전복개도로2,23,13,10,56.5,2026-05-02 21:55:00
2026-05-02 21:56:18,A45,적십자회관,31,0,31,0.0,2026-05-02 21:55:00
2026-05-02 21:56:18,A48,대연고가밑,46,1,45,2.2,2026-05-02 21:55:00
2026-05-02 21:56:18,A49,골드테마거리,16,4,12,25.0,2026-05-02 21:55:00
2026-05-02 21:56:18,A50,요트경기장 앞 2구역,68,57,11,83.8,2026-05-02 21:55:00
2026-05-02 21:56:18,A432,수안동주차빌딩,60,17,43,28.3,2026-05-02 21:55:00
2026-05-02 21:56:18,A433,구남역,122,49,73,40.2,2026-05-02 21:55:00
2026-05-02 21:56:18,A434,만덕2동사앞복개,73,36,37,49.3,2026-05-02 21:55:00
2026-05-02 23:09:28,A01,"반송1, 3동 공영",152,118,34,77.6,2026-05-02 23:05:00
2026-05-02 23:09:28,A02,삼락재첩거리,126,58,68,46.0,2026-05-02 23:05:00
2026-05-02 23:09:28,A03,수변어린이공원,149,105,44,70.5,2026-05-02 23:05:00
2026-05-02 23:09:28,A04,장산역 1번,87,67,20,77.0,2026-05-02 23:05:00
2026-05-02 23:09:28,A05,장산역 2번,104,51,53,49.0,2026-05-02 23:05:00
2026-05-02 23:09:28,A06,좌1동,68,46,22,67.6,2026-05-02 23:05:00
2026-05-02 23:09:28,A07,노포역,390,217,173,55.6,2026-05-02 23:05:00
2026-05-02 23:09:28,A09,두산위브 뒤,45,34,11,75.6,2026-05-02 23:05:00
2026-05-02 23:09:28,A10,대우1차아파트 앞,76,15,61,19.7,2026-05-02 23:05:00
2026-05-02 23:09:28,A11,부산기계공고 후문,78,73,5,93.6,2026-05-02 23:05:00
2026-05-02 23:09:28,A12,해운대 센텀시티,83,80,3,96.4,2026-05-02 23:05:00
2026-05-02 23:09:28,A13,반여도서관 앞,312,212,100,67.9,2026-05-02 23:05:00
2026-05-02 23:09:28,A14,동대신동,24,24,0,100.0,2026-05-02 23:05:00
2026-05-02 23:09:28,A15,신선3동,84,27,57,32.1,2026-05-02 23:05:00
2026-05-02 23:09:28,A16,영선대로 지하 공영,122,63,59,51.6,2026-05-02 23:05:00
2026-05-02 23:09:28,A17,동백사거리,36,27,9,75.0,2026-05-02 23:05:00
2026-05-02 23:09:28,A18,중동이마트 옆,78,53,25,67.9,2026-05-02 23:05:00
2026-05-02 23:09:28,A19,부산대역(남측),224,56,168,25.0,2026-05-02 23:05:00
2026-05-02 23:09:28,A20,부산대역(북측),249,64,185,25.7,2026-05-02 23:05:00
2026-05-02 23:09:28,A21,화명역,37,29,8,78.4,2026-05-02 23:05:00
2026-05-02 23:09:28,A22,학장천 복개,270,170,100,63.0,2026-05-02 23:05:00
2026-05-02 23:09:28,A23,수변공원,102,81,21,79.4,2026-05-02 23:05:00
2026-05-02 23:09:28,A24,중동역,167,43,124,25.7,2026-05-02 23:05:00
2026-05-02 23:09:28,A25,미포공영,97,37,60,38.1,2026-05-02 23:05:00
2026-05-02 23:09:28,A26,온천장역(남측),247,129,118,52.2,2026-05-02 23:05:00
2026-05-02 23:09:28,A27,구서역,272,112,160,41.2,2026-05-02 23:05:00
2026-05-02 23:09:28,A28,중앙공원,101,59,42,58.4,2026-05-02 23:05:00
2026-05-02 23:09:28,A29,장전역,190,61,129,32.1,2026-05-02 23:05:00
2026-05-02 23:09:28,A30,사상역 광장,0,-90,90,0.0,2026-05-02 23:05:00
2026-05-02 23:09:28,A32,남산역,210,77,133,36.7,2026-05-02 23:05:00
2026-05-02 23:09:28,A33,하단역,151,79,72,52.3,2026-05-02 23:05:00
2026-05-02 23:09:28,A34,명륜역,185,91,94,49.2,2026-05-02 23:05:00
2026-05-02 23:09:28,A35,동래역,400,357,43,89.2,2026-05-02 23:05:00
2026-05-02 23:09:28,A36,해운대광장,164,159,5,97.0,2026-05-02 23:05:00
2026-05-02 23:09:28,A37,롯데 광복점 뒤(2),22,9,13,40.9,2026-05-02 23:05:00
2026-05-02 23:09:28,A40,반여2배수지,111,57,54,51.4,2026-05-02 23:05:00
2026-05-02 23:09:28,A41,요트경기장 앞 1구역,231,53,178,22.9,2026-05-02 23:05:00
2026-05-02 23:09:28,A42,삼락천로,124,36,88,29.0,2026-05-02 23:05:00
2026-05-02 23:09:28,A43,부전복개도로1,20,16,4,80.0,2026-05-02 23:05:00
2026-05-02 23:09:28,A44,부전복개도로2,23,13,10,56.5,2026-05-02 23:05:00
2026-05-02 23:09:28,A45,적십자회관,31,0,31,0.0,2026-05-02 23:05:00
2026-05-02 23:09:28,A48,대연고가밑,46,1,45,2.2,2026-05-02 23:05:00
2026-05-02 23:09:28,A49,골드테마거리,16,4,12,25.0,2026-05-02 23:05:00
2026-05-02 23:09:28,A50,요트경기장 앞 2구역,68,36,32,52.9,2026-05-02 23:05:00
2026-05-02 23:09:28,A432,수안동주차빌딩,60,14,46,23.3,2026-05-02 23:05:00
2026-05-02 23:09:28,A433,구남역,122,51,71,41.8,2026-05-02 23:05:00
2026-05-02 23:09:28,A434,만덕2동사앞복개,73,36,37,49.3,2026-05-02 23:05:00
2026-05-03 00:10:31,A01,"반송1, 3동 공영",152,119,33,78.3,2026-05-03 00:10:01
2026-05-03 00:10:31,A02,삼락재첩거리,126,59,67,46.8,2026-05-03 00:10:01
2026-05-03 00:10:31,A03,수변어린이공원,149,75,74,50.3,2026-05-03 00:10:01
2026-05-03 00:10:31,A04,장산역 1번,87,59,28,67.8,2026-05-03 00:10:01
2026-05-03 00:10:31,A05,장산역 2번,104,31,73,29.8,2026-05-03 00:10:01
2026-05-03 00:10:31,A06,좌1동,68,36,32,52.9,2026-05-03 00:10:01
2026-05-03 00:10:31,A07,노포역,390,194,196,49.7,2026-05-03 00:10:01
2026-05-03 00:10:31,A09,두산위브 뒤,45,33,12,73.3,2026-05-03 00:10:01
2026-05-03 00:10:31,A10,대우1차아파트 앞,76,2,74,2.6,2026-05-03 00:10:01
2026-05-03 00:10:31,A11,부산기계공고 후문,78,58,20,74.4,2026-05-03 00:10:01
2026-05-03 00:10:31,A12,해운대 센텀시티,83,80,3,96.4,2026-05-03 00:10:01
2026-05-03 00:10:31,A13,반여도서관 앞,312,212,100,67.9,2026-05-03 00:10:01
2026-05-03 00:10:31,A14,동대신동,24,21,3,87.5,2026-05-03 00:10:01
2026-05-03 00:10:31,A15,신선3동,84,28,56,33.3,2026-05-03 00:10:01
2026-05-03 00:10:31,A16,영선대로 지하 공영,122,61,61,50.0,2026-05-03 00:10:01
2026-05-03 00:10:31,A17,동백사거리,36,20,16,55.6,2026-05-03 00:10:01
2026-05-03 00:10:31,A18,중동이마트 옆,78,52,26,66.7,2026-05-03 00:10:01
2026-05-03 00:10:31,A19,부산대역(남측),224,31,193,13.8,2026-05-03 00:10:01
2026-05-03 00:10:31,A20,부산대역(북측),249,52,197,20.9,2026-05-03 00:10:01
2026-05-03 00:10:31,A21,화명역,37,27,10,73.0,2026-05-03 00:10:01
2026-05-03 00:10:31,A22,학장천 복개,270,170,100,63.0,2026-05-03 00:10:01
2026-05-03 00:10:31,A23,수변공원,102,57,45,55.9,2026-05-03 00:10:01
2026-05-03 00:10:31,A24,중동역,167,41,126,24.6,2026-05-03 00:10:01
2026-05-03 00:10:31,A25,미포공영,97,34,63,35.1,2026-05-03 00:10:01
2026-05-03 00:10:31,A26,온천장역(남측),247,115,132,46.6,2026-05-03 00:10:01
2026-05-03 00:10:31,A27,구서역,272,92,180,33.8,2026-05-03 00:10:01
2026-05-03 00:10:31,A28,중앙공원,101,62,39,61.4,2026-05-03 00:10:01
2026-05-03 00:10:31,A29,장전역,190,54,136,28.4,2026-05-03 00:10:01
2026-05-03 00:10:31,A30,사상역 광장,0,-90,90,0.0,2026-05-03 00:10:01
2026-05-03 00:10:31,A32,남산역,210,73,137,34.8,2026-05-03 00:10:01
2026-05-03 00:10:31,A33,하단역,151,74,77,49.0,2026-05-03 00:10:01
2026-05-03 00:10:31,A34,명륜역,185,91,94,49.2,2026-05-03 00:10:01
2026-05-03 00:10:31,A35,동래역,400,296,104,74.0,2026-05-03 00:10:01
2026-05-03 00:10:31,A36,해운대광장,164,137,27,83.5,2026-05-03 00:10:01
2026-05-03 00:10:31,A37,롯데 광복점 뒤(2),22,9,13,40.9,2026-05-03 00:10:01
2026-05-03 00:10:31,A40,반여2배수지,111,58,53,52.3,2026-05-03 00:10:01
2026-05-03 00:10:31,A41,요트경기장 앞 1구역,231,34,197,14.7,2026-05-03 00:10:01
2026-05-03 00:10:31,A42,삼락천로,124,37,87,29.8,2026-05-03 00:10:01
2026-05-03 00:10:31,A43,부전복개도로1,20,16,4,80.0,2026-05-03 00:10:01
2026-05-03 00:10:31,A44,부전복개도로2,23,13,10,56.5,2026-05-03 00:10:01
2026-05-03 00:10:31,A45,적십자회관,31,0,31,0.0,2026-05-03 00:10:01
2026-05-03 00:10:31,A48,대연고가밑,46,1,45,2.2,2026-05-03 00:10:01
2026-05-03 00:10:31,A49,골드테마거리,16,4,12,25.0,2026-05-03 00:10:01
2026-05-03 00:10:31,A50,요트경기장 앞 2구역,68,23,45,33.8,2026-05-03 00:10:01
2026-05-03 00:10:31,A432,수안동주차빌딩,60,15,45,25.0,2026-05-03 00:10:01
2026-05-03 00:10:31,A433,구남역,122,54,68,44.3,2026-05-03 00:10:01
2026-05-03 00:10:31,A434,만덕2동사앞복개,73,36,37,49.3,2026-05-03 00:10:01
2026-05-03 01:07:21,A01,"반송1, 3동 공영",152,118,34,77.6,2026-05-03 01:05:00
2026-05-03 01:07:21,A02,삼락재첩거리,126,59,67,46.8,2026-05-03 01:05:00
2026-05-03 01:07:21,A03,수변어린이공원,149,57,92,38.3,2026-05-03 01:05:00
2026-05-03 01:07:21,A04,장산역 1번,87,50,37,57.5,2026-05-03 01:05:00
2026-05-03 01:07:21,A05,장산역 2번,104,24,80,23.1,2026-05-03 01:05:00
2026-05-03 01:07:21,A06,좌1동,68,32,36,47.1,2026-05-03 01:05:00
2026-05-03 01:07:21,A07,노포역,390,188,202,48.2,2026-05-03 01:05:00
2026-05-03 01:07:21,A09,두산위브 뒤,45,34,11,75.6,2026-05-03 01:05:00
2026-05-03 01:07:21,A10,대우1차아파트 앞,76,2,74,2.6,2026-05-03 01:05:00
2026-05-03 01:07:21,A11,부산기계공고 후문,78,73,5,93.6,2026-05-03 01:05:00
2026-05-03 01:07:21,A12,해운대 센텀시티,83,80,3,96.4,2026-05-03 01:05:00
2026-05-03 01:07:21,A13,반여도서관 앞,312,212,100,67.9,2026-05-03 01:05:00
2026-05-03 01:07:21,A14,동대신동,24,21,3,87.5,2026-05-03 01:05:00
2026-05-03 01:07:21,A15,신선3동,84,28,56,33.3,2026-05-03 01:05:00
2026-05-03 01:07:21,A16,영선대로 지하 공영,122,58,64,47.5,2026-05-03 01:05:00
2026-05-03 01:07:21,A17,동백사거리,36,20,16,55.6,2026-05-03 01:05:00
2026-05-03 01:07:21,A18,중동이마트 옆,78,47,31,60.3,2026-05-03 01:05:00
2026-05-03 01:07:21,A19,부산대역(남측),224,27,197,12.1,2026-05-03 01:05:00
2026-05-03 01:07:21,A20,부산대역(북측),249,43,206,17.3,2026-05-03 01:05:00
2026-05-03 01:07:21,A21,화명역,37,23,14,62.2,2026-05-03 01:05:00
2026-05-03 01:07:21,A22,학장천 복개,270,79,191,29.3,2026-05-03 01:05:00
2026-05-03 01:07:21,A23,수변공원,102,48,54,47.1,2026-05-03 01:05:00
2026-05-03 01:07:21,A24,중동역,167,41,126,24.6,2026-05-03 01:05:00
2026-05-03 01:07:21,A25,미포공영,97,34,63,35.1,2026-05-03 01:05:00
2026-05-03 01:07:21,A26,온천장역(남측),247,113,134,45.7,2026-05-03 01:05:00
2026-05-03 01:07:21,A27,구서역,272,84,188,30.9,2026-05-03 01:05:00
2026-05-03 01:07:21,A28,중앙공원,101,62,39,61.4,2026-05-03 01:05:00
2026-05-03 01:07:21,A29,장전역,190,56,134,29.5,2026-05-03 01:05:00
2026-05-03 01:07:21,A30,사상역 광장,0,-90,90,0.0,2026-05-03 01:05:00
2026-05-03 01:07:21,A32,남산역,210,96,114,45.7,2026-05-03 01:05:00
2026-05-03 01:07:21,A33,하단역,151,73,78,48.3,2026-05-03 01:05:00
2026-05-03 01:07:21,A34,명륜역,185,91,94,49.2,2026-05-03 01:05:00
2026-05-03 01:07:21,A35,동래역,400,239,161,59.8,2026-05-03 01:05:00
2026-05-03 01:07:21,A36,해운대광장,164,111,53,67.7,2026-05-03 01:05:00
2026-05-03 01:07:21,A37,롯데 광복점 뒤(2),22,9,13,40.9,2026-05-03 01:05:00
2026-05-03 01:07:21,A40,반여2배수지,111,58,53,52.3,2026-05-03 01:05:00
2026-05-03 01:07:21,A41,요트경기장 앞 1구역,231,43,188,18.6,2026-05-03 01:05:00
2026-05-03 01:07:21,A42,삼락천로,124,37,87,29.8,2026-05-03 01:05:00
2026-05-03 01:07:21,A43,부전복개도로1,20,16,4,80.0,2026-05-03 01:05:00
2026-05-03 01:07:21,A44,부전복개도로2,23,13,10,56.5,2026-05-03 01:05:00
2026-05-03 01:07:21,A45,적십자회관,31,0,31,0.0,2026-05-03 01:05:00
2026-05-03 01:07:21,A48,대연고가밑,46,1,45,2.2,2026-05-03 01:05:00
2026-05-03 01:07:21,A49,골드테마거리,16,4,12,25.0,2026-05-03 01:05:00
2026-05-03 01:07:21,A50,요트경기장 앞 2구역,68,19,49,27.9,2026-05-03 01:05:00
2026-05-03 01:07:21,A432,수안동주차빌딩,60,15,45,25.0,2026-05-03 01:05:00
2026-05-03 01:07:21,A433,구남역,122,54,68,44.3,2026-05-03 01:05:00
2026-05-03 01:07:21,A434,만덕2동사앞복개,73,37,36,50.7,2026-05-03 01:05:00
2026-05-03 02:12:33,A01,"반송1, 3동 공영",152,52,100,34.2,2026-05-03 02:10:00
2026-05-03 02:12:33,A02,삼락재첩거리,126,60,66,47.6,2026-05-03 02:10:00
2026-05-03 02:12:33,A03,수변어린이공원,149,54,95,36.2,2026-05-03 02:10:00
2026-05-03 02:12:33,A04,장산역 1번,87,37,50,42.5,2026-05-03 02:10:00
2026-05-03 02:12:33,A05,장산역 2번,104,22,82,21.2,2026-05-03 02:10:00
2026-05-03 02:12:33,A06,좌1동,68,29,39,42.6,2026-05-03 02:10:00
2026-05-03 02:12:33,A07,노포역,390,188,202,48.2,2026-05-03 02:10:00
2026-05-03 02:12:33,A09,두산위브 뒤,45,36,9,80.0,2026-05-03 02:10:00
2026-05-03 02:12:33,A10,대우1차아파트 앞,76,2,74,2.6,2026-05-03 02:10:00
2026-05-03 02:12:33,A11,부산기계공고 후문,78,73,5,93.6,2026-05-03 02:10:00
2026-05-03 02:12:33,A12,해운대 센텀시티,83,80,3,96.4,2026-05-03 02:10:00
2026-05-03 02:12:33,A13,반여도서관 앞,312,212,100,67.9,2026-05-03 02:10:00
2026-05-03 02:12:33,A14,동대신동,24,24,0,100.0,2026-05-03 02:10:00
2026-05-03 02:12:33,A15,신선3동,84,29,55,34.5,2026-05-03 02:10:00
2026-05-03 02:12:33,A16,영선대로 지하 공영,122,56,66,45.9,2026-05-03 02:10:00
2026-05-03 02:12:33,A17,동백사거리,36,20,16,55.6,2026-05-03 02:10:00
2026-05-03 02:12:33,A18,중동이마트 옆,78,45,33,57.7,2026-05-03 02:10:00
2026-05-03 02:12:33,A19,부산대역(남측),224,31,193,13.8,2026-05-03 02:10:00
2026-05-03 02:12:33,A20,부산대역(북측),249,36,213,14.5,2026-05-03 02:10:00
2026-05-03 02:12:33,A21,화명역,37,22,15,59.5,2026-05-03 02:10:00
2026-05-03 02:12:33,A22,학장천 복개,270,82,188,30.4,2026-05-03 02:10:00
2026-05-03 02:12:33,A23,수변공원,102,33,69,32.4,2026-05-03 02:10:00
2026-05-03 02:12:33,A24,중동역,167,41,126,24.6,2026-05-03 02:10:00
2026-05-03 02:12:33,A25,미포공영,97,33,64,34.0,2026-05-03 02:10:00
2026-05-03 02:12:33,A26,온천장역(남측),247,110,137,44.5,2026-05-03 02:10:00
2026-05-03 02:12:33,A27,구서역,272,84,188,30.9,2026-05-03 02:10:00
2026-05-03 02:12:33,A28,중앙공원,101,64,37,63.4,2026-05-03 02:10:00
2026-05-03 02:12:33,A29,장전역,190,50,140,26.3,2026-05-03 02:10:00
2026-05-03 02:12:33,A30,사상역 광장,0,-90,90,0.0,2026-05-03 02:10:00
2026-05-03 02:12:33,A32,남산역,210,96,114,45.7,2026-05-03 02:10:00
2026-05-03 02:12:33,A33,하단역,151,67,84,44.4,2026-05-03 02:10:00
2026-05-03 02:12:33,A34,명륜역,185,91,94,49.2,2026-05-03 02:10:00
2026-05-03 02:12:33,A35,동래역,400,184,216,46.0,2026-05-03 02:10:00
2026-05-03 02:12:33,A36,해운대광장,164,104,60,63.4,2026-05-03 02:10:00
2026-05-03 02:12:33,A37,롯데 광복점 뒤(2),22,9,13,40.9,2026-05-03 02:10:00
2026-05-03 02:12:33,A40,반여2배수지,111,59,52,53.2,2026-05-03 02:10:00
2026-05-03 02:12:33,A41,요트경기장 앞 1구역,231,32,199,13.9,2026-05-03 02:10:00
2026-05-03 02:12:33,A42,삼락천로,124,37,87,29.8,2026-05-03 02:10:00
2026-05-03 02:12:33,A43,부전복개도로1,20,16,4,80.0,2026-05-03 02:10:00
2026-05-03 02:12:33,A44,부전복개도로2,23,13,10,56.5,2026-05-03 02:10:00
2026-05-03 02:12:33,A45,적십자회관,31,0,31,0.0,2026-05-03 02:10:00
2026-05-03 02:12:33,A48,대연고가밑,46,1,45,2.2,2026-05-03 02:10:00
2026-05-03 02:12:33,A49,골드테마거리,16,4,12,25.0,2026-05-03 02:10:00
2026-05-03 02:12:33,A50,요트경기장 앞 2구역,68,19,49,27.9,2026-05-03 02:10:00
2026-05-03 02:12:33,A432,수안동주차빌딩,60,15,45,25.0,2026-05-03 02:10:00
2026-05-03 02:12:33,A433,구남역,122,56,66,45.9,2026-05-03 02:10:00
2026-05-03 02:12:33,A434,만덕2동사앞복개,73,35,38,47.9,2026-05-03 02:10:00
2026-05-03 03:07:25,A01,"반송1, 3동 공영",152,119,33,78.3,2026-05-03 03:05:00
2026-05-03 03:07:25,A02,삼락재첩거리,126,60,66,47.6,2026-05-03 03:05:00
2026-05-03 03:07:25,A03,수변어린이공원,149,54,95,36.2,2026-05-03 03:05:00
2026-05-03 03:07:25,A04,장산역 1번,87,29,58,33.3,2026-05-03 03:05:00
2026-05-03 03:07:25,A05,장산역 2번,104,23,81,22.1,2026-05-03 03:05:00
2026-05-03 03:07:25,A06,좌1동,68,29,39,42.6,2026-05-03 03:05:00
2026-05-03 03:07:25,A07,노포역,390,186,204,47.7,2026-05-03 03:05:00
2026-05-03 03:07:25,A09,두산위브 뒤,45,35,10,77.8,2026-05-03 03:05:00
2026-05-03 03:07:25,A10,대우1차아파트 앞,76,2,74,2.6,2026-05-03 03:05:00
2026-05-03 03:07:25,A11,부산기계공고 후문,78,73,5,93.6,2026-05-03 03:05:00
2026-05-03 03:07:25,A12,해운대 센텀시티,83,13,70,15.7,2026-05-03 03:05:00
2026-05-03 03:07:25,A13,반여도서관 앞,312,212,100,67.9,2026-05-03 03:05:00
2026-05-03 03:07:25,A14,동대신동,24,22,2,91.7,2026-05-03 03:05:00
2026-05-03 03:07:25,A15,신선3동,84,30,54,35.7,2026-05-03 03:05:00
2026-05-03 03:07:25,A16,영선대로 지하 공영,122,54,68,44.3,2026-05-03 03:05:00
2026-05-03 03:07:25,A17,동백사거리,36,20,16,55.6,2026-05-03 03:05:00
2026-05-03 03:07:25,A18,중동이마트 옆,78,46,32,59.0,2026-05-03 03:05:00
2026-05-03 03:07:25,A19,부산대역(남측),224,28,196,12.5,2026-05-03 03:05:00
2026-05-03 03:07:25,A20,부산대역(북측),249,36,213,14.5,2026-05-03 03:05:00
2026-05-03 03:07:25,A21,화명역,37,33,4,89.2,2026-05-03 03:05:00
2026-05-03 03:07:25,A22,학장천 복개,270,79,191,29.3,2026-05-03 03:05:00
2026-05-03 03:07:25,A23,수변공원,102,32,70,31.4,2026-05-03 03:05:00
2026-05-03 03:07:25,A24,중동역,167,40,127,24.0,2026-05-03 03:05:00
2026-05-03 03:07:25,A25,미포공영,97,33,64,34.0,2026-05-03 03:05:00
2026-05-03 03:07:25,A26,온천장역(남측),247,111,136,44.9,2026-05-03 03:05:00
2026-05-03 03:07:25,A27,구서역,272,75,197,27.6,2026-05-03 03:05:00
2026-05-03 03:07:25,A28,중앙공원,101,63,38,62.4,2026-05-03 03:05:00
2026-05-03 03:07:25,A29,장전역,190,51,139,26.8,2026-05-03 03:05:00
2026-05-03 03:07:25,A30,사상역 광장,0,-90,90,0.0,2026-05-03 03:05:00
2026-05-03 03:07:25,A32,남산역,210,75,135,35.7,2026-05-03 03:05:00
2026-05-03 03:07:25,A33,하단역,151,66,85,43.7,2026-05-03 03:05:00
2026-05-03 03:07:25,A34,명륜역,185,91,94,49.2,2026-05-03 03:05:00
2026-05-03 03:07:25,A35,동래역,400,151,249,37.8,2026-05-03 03:05:00
2026-05-03 03:07:25,A36,해운대광장,164,103,61,62.8,2026-05-03 03:05:00
2026-05-03 03:07:25,A37,롯데 광복점 뒤(2),22,9,13,40.9,2026-05-03 03:05:00
2026-05-03 03:07:25,A40,반여2배수지,111,60,51,54.1,2026-05-03 03:05:00
2026-05-03 03:07:25,A41,요트경기장 앞 1구역,231,43,188,18.6,2026-05-03 03:05:00
2026-05-03 03:07:25,A42,삼락천로,124,39,85,31.5,2026-05-03 03:05:00
2026-05-03 03:07:25,A43,부전복개도로1,20,16,4,80.0,2026-05-03 03:05:00
2026-05-03 03:07:25,A44,부전복개도로2,23,13,10,56.5,2026-05-03 03:05:00
2026-05-03 03:07:25,A45,적십자회관,31,0,31,0.0,2026-05-03 03:05:00
2026-05-03 03:07:25,A48,대연고가밑,46,1,45,2.2,2026-05-03 03:05:00
2026-05-03 03:07:25,A49,골드테마거리,16,4,12,25.0,2026-05-03 03:05:00
2026-05-03 03:07:25,A50,요트경기장 앞 2구역,68,19,49,27.9,2026-05-03 03:05:00
2026-05-03 03:07:25,A432,수안동주차빌딩,60,15,45,25.0,2026-05-03 03:05:00
2026-05-03 03:07:25,A433,구남역,122,55,67,45.1,2026-05-03 03:05:00
2026-05-03 03:07:25,A434,만덕2동사앞복개,73,35,38,47.9,2026-05-03 03:05:00
2026-05-03 05:35:16,A01,"반송1, 3동 공영",152,119,33,78.3,2026-05-03 05:35:00
2026-05-03 05:35:16,A02,삼락재첩거리,126,57,69,45.2,2026-05-03 05:35:00
2026-05-03 05:35:16,A03,수변어린이공원,149,51,98,34.2,2026-05-03 05:35:00
2026-05-03 05:35:16,A04,장산역 1번,87,24,63,27.6,2026-05-03 05:35:00
2026-05-03 05:35:16,A05,장산역 2번,104,21,83,20.2,2026-05-03 05:35:00
2026-05-03 05:35:16,A06,좌1동,68,27,41,39.7,2026-05-03 05:35:00
2026-05-03 05:35:16,A07,노포역,390,188,202,48.2,2026-05-03 05:35:00
2026-05-03 05:35:16,A09,두산위브 뒤,45,35,10,77.8,2026-05-03 05:35:00
2026-05-03 05:35:16,A10,대우1차아파트 앞,76,2,74,2.6,2026-05-03 05:35:00
2026-05-03 05:35:16,A11,부산기계공고 후문,78,73,5,93.6,2026-05-03 05:35:00
2026-05-03 05:35:16,A12,해운대 센텀시티,83,13,70,15.7,2026-05-03 05:35:00
2026-05-03 05:35:16,A13,반여도서관 앞,312,216,96,69.2,2026-05-03 05:35:00
2026-05-03 05:35:16,A14,동대신동,24,22,2,91.7,2026-05-03 05:35:00
2026-05-03 05:35:16,A15,신선3동,84,31,53,36.9,2026-05-03 05:35:00
2026-05-03 05:35:16,A16,영선대로 지하 공영,122,53,69,43.4,2026-05-03 05:35:00
2026-05-03 05:35:16,A17,동백사거리,36,20,16,55.6,2026-05-03 05:35:00
2026-05-03 05:35:16,A18,중동이마트 옆,78,49,29,62.8,2026-05-03 05:35:00
2026-05-03 05:35:16,A19,부산대역(남측),224,18,206,8.0,2026-05-03 05:35:00
2026-05-03 05:35:16,A20,부산대역(북측),249,36,213,14.5,2026-05-03 05:35:00
2026-05-03 05:35:16,A21,화명역,37,33,4,89.2,2026-05-03 05:35:00
2026-05-03 05:35:16,A22,학장천 복개,270,78,192,28.9,2026-05-03 05:35:00
2026-05-03 05:35:16,A23,수변공원,102,31,71,30.4,2026-05-03 05:35:00
2026-05-03 05:35:16,A24,중동역,167,40,127,24.0,2026-05-03 05:35:00
2026-05-03 05:35:16,A25,미포공영,97,31,66,32.0,2026-05-03 05:35:00
2026-05-03 05:35:16,A26,온천장역(남측),247,111,136,44.9,2026-05-03 05:35:00
2026-05-03 05:35:16,A27,구서역,272,74,198,27.2,2026-05-03 05:35:00
2026-05-03 05:35:16,A28,중앙공원,101,62,39,61.4,2026-05-03 05:35:00
2026-05-03 05:35:16,A29,장전역,190,49,141,25.8,2026-05-03 05:35:00
2026-05-03 05:35:16,A30,사상역 광장,0,-90,90,0.0,2026-05-03 05:35:00
2026-05-03 05:35:16,A32,남산역,210,96,114,45.7,2026-05-03 05:35:00
2026-05-03 05:35:16,A33,하단역,151,63,88,41.7,2026-05-03 05:35:00
2026-05-03 05:35:16,A34,명륜역,185,91,94,49.2,2026-05-03 05:35:00
2026-05-03 05:35:16,A35,동래역,400,119,281,29.8,2026-05-03 05:35:00
2026-05-03 05:35:16,A36,해운대광장,164,99,65,60.4,2026-05-03 05:35:00
2026-05-03 05:35:16,A37,롯데 광복점 뒤(2),22,9,13,40.9,2026-05-03 05:35:00
2026-05-03 05:35:16,A40,반여2배수지,111,62,49,55.9,2026-05-03 05:35:00
2026-05-03 05:35:16,A41,요트경기장 앞 1구역,231,43,188,18.6,2026-05-03 05:35:00
2026-05-03 05:35:16,A42,삼락천로,124,37,87,29.8,2026-05-03 05:35:00
2026-05-03 05:35:16,A43,부전복개도로1,20,16,4,80.0,2026-05-03 05:35:00
2026-05-03 05:35:16,A44,부전복개도로2,23,13,10,56.5,2026-05-03 05:35:00
2026-05-03 05:35:16,A45,적십자회관,31,0,31,0.0,2026-05-03 05:35:00
2026-05-03 05:35:16,A48,대연고가밑,46,1,45,2.2,2026-05-03 05:35:00
2026-05-03 05:35:16,A49,골드테마거리,16,4,12,25.0,2026-05-03 05:35:00
2026-05-03 05:35:16,A50,요트경기장 앞 2구역,68,20,48,29.4,2026-05-03 05:35:00
2026-05-03 05:35:16,A432,수안동주차빌딩,60,15,45,25.0,2026-05-03 05:35:00
2026-05-03 05:35:16,A433,구남역,122,56,66,45.9,2026-05-03 05:35:00
2026-05-03 05:35:16,A434,만덕2동사앞복개,73,34,39,46.6,2026-05-03 05:35:00
2026-05-03 06:34:45,A01,"반송1, 3동 공영",152,52,100,34.2,2026-05-03 06:30:00
2026-05-03 06:34:45,A02,삼락재첩거리,126,59,67,46.8,2026-05-03 06:30:00
2026-05-03 06:34:45,A03,수변어린이공원,149,53,96,35.6,2026-05-03 06:30:00
2026-05-03 06:34:45,A04,장산역 1번,87,23,64,26.4,2026-05-03 06:30:00
2026-05-03 06:34:45,A05,장산역 2번,104,22,82,21.2,2026-05-03 06:30:00
2026-05-03 06:34:45,A06,좌1동,68,26,42,38.2,2026-05-03 06:30:00
2026-05-03 06:34:45,A07,노포역,390,198,192,50.8,2026-05-03 06:30:00
2026-05-03 06:34:45,A09,두산위브 뒤,45,35,10,77.8,2026-05-03 06:30:00
2026-05-03 06:34:45,A10,대우1차아파트 앞,76,2,74,2.6,2026-05-03 06:30:00
2026-05-03 06:34:45,A11,부산기계공고 후문,78,73,5,93.6,2026-05-03 06:30:00
2026-05-03 06:34:45,A12,해운대 센텀시티,83,13,70,15.7,2026-05-03 06:30:00
2026-05-03 06:34:45,A13,반여도서관 앞,312,212,100,67.9,2026-05-03 06:30:00
2026-05-03 06:34:45,A14,동대신동,24,24,0,100.0,2026-05-03 06:30:00
2026-05-03 06:34:45,A15,신선3동,84,30,54,35.7,2026-05-03 06:30:00
2026-05-03 06:34:45,A16,영선대로 지하 공영,122,55,67,45.1,2026-05-03 06:30:00
2026-05-03 06:34:45,A17,동백사거리,36,20,16,55.6,2026-05-03 06:30:00
2026-05-03 06:34:45,A18,중동이마트 옆,78,50,28,64.1,2026-05-03 06:30:00
2026-05-03 06:34:45,A19,부산대역(남측),224,19,205,8.5,2026-05-03 06:30:00
2026-05-03 06:34:45,A20,부산대역(북측),249,35,214,14.1,2026-05-03 06:30:00
2026-05-03 06:34:45,A21,화명역,37,22,15,59.5,2026-05-03 06:30:00
2026-05-03 06:34:45,A22,학장천 복개,270,170,100,63.0,2026-05-03 06:30:00
2026-05-03 06:34:45,A23,수변공원,102,24,78,23.5,2026-05-03 06:30:00
2026-05-03 06:34:45,A24,중동역,167,40,127,24.0,2026-05-03 06:30:00
2026-05-03 06:34:45,A25,미포공영,97,32,65,33.0,2026-05-03 06:30:00
2026-05-03 06:34:45,A26,온천장역(남측),247,117,130,47.4,2026-05-03 06:30:00
2026-05-03 06:34:45,A27,구서역,272,74,198,27.2,2026-05-03 06:30:00
2026-05-03 06:34:45,A28,중앙공원,101,62,39,61.4,2026-05-03 06:30:00
2026-05-03 06:34:45,A29,장전역,190,51,139,26.8,2026-05-03 06:30:00
2026-05-03 06:34:45,A30,사상역 광장,0,-90,90,0.0,2026-05-03 06:30:00
2026-05-03 06:34:45,A32,남산역,210,76,134,36.2,2026-05-03 06:30:00
2026-05-03 06:34:45,A33,하단역,151,67,84,44.4,2026-05-03 06:30:00
2026-05-03 06:34:45,A34,명륜역,185,91,94,49.2,2026-05-03 06:30:00
2026-05-03 06:34:45,A35,동래역,400,129,271,32.2,2026-05-03 06:30:00
2026-05-03 06:34:45,A36,해운대광장,164,100,64,61.0,2026-05-03 06:30:00
2026-05-03 06:34:45,A37,롯데 광복점 뒤(2),22,9,13,40.9,2026-05-03 06:30:00
2026-05-03 06:34:45,A40,반여2배수지,111,60,51,54.1,2026-05-03 06:30:00
2026-05-03 06:34:45,A41,요트경기장 앞 1구역,231,42,189,18.2,2026-05-03 06:30:00
2026-05-03 06:34:45,A42,삼락천로,124,41,83,33.1,2026-05-03 06:30:00
2026-05-03 06:34:45,A43,부전복개도로1,20,16,4,80.0,2026-05-03 06:30:00
2026-05-03 06:34:45,A44,부전복개도로2,23,13,10,56.5,2026-05-03 06:30:00
2026-05-03 06:34:45,A45,적십자회관,31,0,31,0.0,2026-05-03 06:30:00
2026-05-03 06:34:45,A48,대연고가밑,46,1,45,2.2,2026-05-03 06:30:00
2026-05-03 06:34:45,A49,골드테마거리,16,4,12,25.0,2026-05-03 06:30:00
2026-05-03 06:34:45,A50,요트경기장 앞 2구역,68,22,46,32.4,2026-05-03 06:30:00
2026-05-03 06:34:45,A432,수안동주차빌딩,60,14,46,23.3,2026-05-03 06:30:00
2026-05-03 06:34:45,A433,구남역,122,54,68,44.3,2026-05-03 06:30:00
2026-05-03 06:34:45,A434,만덕2동사앞복개,73,40,33,54.8,2026-05-03 06:30:00
2026-05-03 07:33:53,A01,"반송1, 3동 공영",152,52,100,34.2,2026-05-03 07:30:00
2026-05-03 07:33:53,A02,삼락재첩거리,126,58,68,46.0,2026-05-03 07:30:00
2026-05-03 07:33:53,A03,수변어린이공원,149,59,90,39.6,2026-05-03 07:30:00
2026-05-03 07:33:53,A04,장산역 1번,87,25,62,28.7,2026-05-03 07:30:00
2026-05-03 07:33:53,A05,장산역 2번,104,22,82,21.2,2026-05-03 07:30:00
2026-05-03 07:33:53,A06,좌1동,68,25,43,36.8,2026-05-03 07:30:00
2026-05-03 07:33:53,A07,노포역,390,211,179,54.1,2026-05-03 07:30:00
2026-05-03 07:33:53,A09,두산위브 뒤,45,36,9,80.0,2026-05-03 07:30:00
2026-05-03 07:33:53,A10,대우1차아파트 앞,76,8,68,10.5,2026-05-03 07:30:00
2026-05-03 07:33:53,A11,부산기계공고 후문,78,73,5,93.6,2026-05-03 07:30:00
2026-05-03 07:33:53,A12,해운대 센텀시티,83,80,3,96.4,2026-05-03 07:30:00
2026-05-03 07:33:53,A13,반여도서관 앞,312,219,93,70.2,2026-05-03 07:30:00
2026-05-03 07:33:53,A14,동대신동,24,24,0,100.0,2026-05-03 07:30:00
2026-05-03 07:33:53,A15,신선3동,84,30,54,35.7,2026-05-03 07:30:00
2026-05-03 07:33:53,A16,영선대로 지하 공영,122,59,63,48.4,2026-05-03 07:30:00
2026-05-03 07:33:53,A17,동백사거리,36,20,16,55.6,2026-05-03 07:30:00
2026-05-03 07:33:53,A18,중동이마트 옆,78,55,23,70.5,2026-05-03 07:30:00
2026-05-03 07:33:53,A19,부산대역(남측),224,19,205,8.5,2026-05-03 07:30:00
2026-05-03 07:33:53,A20,부산대역(북측),249,35,214,14.1,2026-05-03 07:30:00
2026-05-03 07:33:53,A21,화명역,37,23,14,62.2,2026-05-03 07:30:00
2026-05-03 07:33:53,A22,학장천 복개,270,170,100,63.0,2026-05-03 07:30:00
2026-05-03 07:33:53,A23,수변공원,102,25,77,24.5,2026-05-03 07:30:00
2026-05-03 07:33:53,A24,중동역,167,40,127,24.0,2026-05-03 07:30:00
2026-05-03 07:33:53,A25,미포공영,97,34,63,35.1,2026-05-03 07:30:00
2026-05-03 07:33:53,A26,온천장역(남측),247,119,128,48.2,2026-05-03 07:30:00
2026-05-03 07:33:53,A27,구서역,272,76,196,27.9,2026-05-03 07:30:00
2026-05-03 07:33:53,A28,중앙공원,101,65,36,64.4,2026-05-03 07:30:00
2026-05-03 07:33:53,A29,장전역,190,54,136,28.4,2026-05-03 07:30:00
2026-05-03 07:33:53,A30,사상역 광장,0,-90,90,0.0,2026-05-03 07:30:00
2026-05-03 07:33:53,A32,남산역,210,76,134,36.2,2026-05-03 07:30:00
2026-05-03 07:33:53,A33,하단역,151,66,85,43.7,2026-05-03 07:30:00
2026-05-03 07:33:53,A34,명륜역,185,91,94,49.2,2026-05-03 07:30:00
2026-05-03 07:33:53,A35,동래역,400,187,213,46.8,2026-05-03 07:30:00
2026-05-03 07:33:53,A36,해운대광장,164,115,49,70.1,2026-05-03 07:30:00
2026-05-03 07:33:53,A37,롯데 광복점 뒤(2),22,9,13,40.9,2026-05-03 07:30:00
2026-05-03 07:33:53,A40,반여2배수지,111,61,50,55.0,2026-05-03 07:30:00
2026-05-03 07:33:53,A41,요트경기장 앞 1구역,231,156,75,67.5,2026-05-03 07:30:00
2026-05-03 07:33:53,A42,삼락천로,124,40,84,32.3,2026-05-03 07:30:00
2026-05-03 07:33:53,A43,부전복개도로1,20,16,4,80.0,2026-05-03 07:30:00
2026-05-03 07:33:53,A44,부전복개도로2,23,13,10,56.5,2026-05-03 07:30:00
2026-05-03 07:33:53,A45,적십자회관,31,0,31,0.0,2026-05-03 07:30:00
2026-05-03 07:33:53,A48,대연고가밑,46,1,45,2.2,2026-05-03 07:30:00
2026-05-03 07:33:53,A49,골드테마거리,16,4,12,25.0,2026-05-03 07:30:00
2026-05-03 07:33:53,A50,요트경기장 앞 2구역,68,32,36,47.1,2026-05-03 07:30:00
2026-05-03 07:33:53,A432,수안동주차빌딩,60,15,45,25.0,2026-05-03 07:30:00
2026-05-03 07:33:53,A433,구남역,122,54,68,44.3,2026-05-03 07:30:00
2026-05-03 07:33:53,A434,만덕2동사앞복개,73,38,35,52.1,2026-05-03 07:30:00
2026-05-03 08:37:14,A01,"반송1, 3동 공영",152,52,100,34.2,2026-05-03 08:35:00
2026-05-03 08:37:14,A02,삼락재첩거리,126,54,72,42.9,2026-05-03 08:35:00
2026-05-03 08:37:14,A03,수변어린이공원,149,69,80,46.3,2026-05-03 08:35:00
2026-05-03 08:37:14,A04,장산역 1번,87,25,62,28.7,2026-05-03 08:35:00
2026-05-03 08:37:14,A05,장산역 2번,104,23,81,22.1,2026-05-03 08:35:00
2026-05-03 08:37:14,A06,좌1동,68,20,48,29.4,2026-05-03 08:35:00
2026-05-03 08:37:14,A07,노포역,390,233,157,59.7,2026-05-03 08:35:00
2026-05-03 08:37:14,A09,두산위브 뒤,45,36,9,80.0,2026-05-03 08:35:00
2026-05-03 08:37:14,A10,대우1차아파트 앞,76,2,74,2.6,2026-05-03 08:35:00
2026-05-03 08:37:14,A11,부산기계공고 후문,78,73,5,93.6,2026-05-03 08:35:00
2026-05-03 08:37:14,A12,해운대 센텀시티,83,21,62,25.3,2026-05-03 08:35:00
2026-05-03 08:37:14,A13,반여도서관 앞,312,220,92,70.5,2026-05-03 08:35:00
2026-05-03 08:37:14,A14,동대신동,24,22,2,91.7,2026-05-03 08:35:00
2026-05-03 08:37:14,A15,신선3동,84,29,55,34.5,2026-05-03 08:35:00
2026-05-03 08:37:14,A16,영선대로 지하 공영,122,63,59,51.6,2026-05-03 08:35:00
2026-05-03 08:37:14,A17,동백사거리,36,16,20,44.4,2026-05-03 08:35:00
2026-05-03 08:37:14,A18,중동이마트 옆,78,57,21,73.1,2026-05-03 08:35:00
2026-05-03 08:37:14,A19,부산대역(남측),224,25,199,11.2,2026-05-03 08:35:00
2026-05-03 08:37:14,A20,부산대역(북측),249,34,215,13.7,2026-05-03 08:35:00
2026-05-03 08:37:14,A21,화명역,37,33,4,89.2,2026-05-03 08:35:00
2026-05-03 08:37:14,A22,학장천 복개,270,86,184,31.9,2026-05-03 08:35:00
2026-05-03 08:37:14,A23,수변공원,102,26,76,25.5,2026-05-03 08:35:00
2026-05-03 08:37:14,A24,중동역,167,44,123,26.3,2026-05-03 08:35:00
2026-05-03 08:37:14,A25,미포공영,97,34,63,35.1,2026-05-03 08:35:00
2026-05-03 08:37:14,A26,온천장역(남측),247,155,92,62.8,2026-05-03 08:35:00
2026-05-03 08:37:14,A27,구서역,272,79,193,29.0,2026-05-03 08:35:00
2026-05-03 08:37:14,A28,중앙공원,101,63,38,62.4,2026-05-03 08:35:00
2026-05-03 08:37:14,A29,장전역,190,53,137,27.9,2026-05-03 08:35:00
2026-05-03 08:37:14,A30,사상역 광장,0,-90,90,0.0,2026-05-03 08:35:00
2026-05-03 08:37:14,A32,남산역,210,79,131,37.6,2026-05-03 08:35:00
2026-05-03 08:37:14,A33,하단역,151,79,72,52.3,2026-05-03 08:35:00
2026-05-03 08:37:14,A34,명륜역,185,91,94,49.2,2026-05-03 08:35:00
2026-05-03 08:37:14,A35,동래역,400,214,186,53.5,2026-05-03 08:35:00
2026-05-03 08:37:14,A36,해운대광장,164,115,49,70.1,2026-05-03 08:35:00
2026-05-03 08:37:14,A37,롯데 광복점 뒤(2),22,9,13,40.9,2026-05-03 08:35:00
2026-05-03 08:37:14,A40,반여2배수지,111,60,51,54.1,2026-05-03 08:35:00
2026-05-03 08:37:14,A41,요트경기장 앞 1구역,231,43,188,18.6,2026-05-03 08:35:00
2026-05-03 08:37:14,A42,삼락천로,124,41,83,33.1,2026-05-03 08:35:00
2026-05-03 08:37:14,A43,부전복개도로1,20,16,4,80.0,2026-05-03 08:35:00
2026-05-03 08:37:14,A44,부전복개도로2,23,13,10,56.5,2026-05-03 08:35:00
2026-05-03 08:37:14,A45,적십자회관,31,0,31,0.0,2026-05-03 08:35:00
2026-05-03 08:37:14,A48,대연고가밑,46,1,45,2.2,2026-05-03 08:35:00
2026-05-03 08:37:14,A49,골드테마거리,16,4,12,25.0,2026-05-03 08:35:00
2026-05-03 08:37:14,A50,요트경기장 앞 2구역,68,68,0,100.0,2026-05-03 08:35:00
2026-05-03 08:37:14,A432,수안동주차빌딩,60,17,43,28.3,2026-05-03 08:35:00
2026-05-03 08:37:14,A433,구남역,122,58,64,47.5,2026-05-03 08:35:00
2026-05-03 08:37:14,A434,만덕2동사앞복개,73,47,26,64.4,2026-05-03 08:35:00
2026-05-03 11:14:02,A01,"반송1, 3동 공영",152,117,35,77.0,2026-05-03 11:10:01
2026-05-03 11:14:02,A02,삼락재첩거리,126,57,69,45.2,2026-05-03 11:10:01
2026-05-03 11:14:02,A03,수변어린이공원,149,81,68,54.4,2026-05-03 11:10:01
2026-05-03 11:14:02,A04,장산역 1번,87,40,47,46.0,2026-05-03 11:10:01
2026-05-03 11:14:02,A05,장산역 2번,104,45,59,43.3,2026-05-03 11:10:01
2026-05-03 11:14:02,A06,좌1동,68,33,35,48.5,2026-05-03 11:10:01
2026-05-03 11:14:02,A07,노포역,390,288,102,73.8,2026-05-03 11:10:01
2026-05-03 11:14:02,A09,두산위브 뒤,45,32,13,71.1,2026-05-03 11:10:01
2026-05-03 11:14:02,A10,대우1차아파트 앞,76,2,74,2.6,2026-05-03 11:10:01
2026-05-03 11:14:02,A11,부산기계공고 후문,78,69,9,88.5,2026-05-03 11:10:01
2026-05-03 11:14:02,A12,해운대 센텀시티,83,83,0,100.0,2026-05-03 11:10:01
2026-05-03 11:14:02,A13,반여도서관 앞,312,212,100,67.9,2026-05-03 11:10:01
2026-05-03 11:14:02,A14,동대신동,24,24,0,100.0,2026-05-03 11:10:01
2026-05-03 11:14:02,A15,신선3동,84,33,51,39.3,2026-05-03 11:10:01
2026-05-03 11:14:02,A16,영선대로 지하 공영,122,66,56,54.1,2026-05-03 11:10:01
2026-05-03 11:14:02,A17,동백사거리,36,28,8,77.8,2026-05-03 11:10:01
2026-05-03 11:14:02,A18,중동이마트 옆,78,64,14,82.1,2026-05-03 11:10:01
2026-05-03 11:14:02,A19,부산대역(남측),224,86,138,38.4,2026-05-03 11:10:01
2026-05-03 11:14:02,A20,부산대역(북측),249,76,173,30.5,2026-05-03 11:10:01
2026-05-03 11:14:02,A21,화명역,37,30,7,81.1,2026-05-03 11:10:01
2026-05-03 11:14:02,A22,학장천 복개,270,170,100,63.0,2026-05-03 11:10:01
2026-05-03 11:14:02,A23,수변공원,102,50,52,49.0,2026-05-03 11:10:01
2026-05-03 11:14:02,A24,중동역,167,54,113,32.3,2026-05-03 11:10:01
2026-05-03 11:14:02,A25,미포공영,97,72,25,74.2,2026-05-03 11:10:01
2026-05-03 11:14:02,A26,온천장역(남측),247,190,57,76.9,2026-05-03 11:10:01
2026-05-03 11:14:02,A27,구서역,272,102,170,37.5,2026-05-03 11:10:01
2026-05-03 11:14:02,A28,중앙공원,101,59,42,58.4,2026-05-03 11:10:01
2026-05-03 11:14:02,A29,장전역,190,66,124,34.7,2026-05-03 11:10:01
2026-05-03 11:14:02,A30,사상역 광장,0,-90,90,0.0,2026-05-03 11:10:01
2026-05-03 11:14:02,A32,남산역,210,87,123,41.4,2026-05-03 11:10:01
2026-05-03 11:14:02,A33,하단역,151,119,32,78.8,2026-05-03 11:10:01
2026-05-03 11:14:02,A34,명륜역,185,91,94,49.2,2026-05-03 11:10:01
2026-05-03 11:14:02,A35,동래역,400,218,182,54.5,2026-05-03 11:10:01
2026-05-03 11:14:02,A36,해운대광장,164,162,2,98.8,2026-05-03 11:10:01
2026-05-03 11:14:02,A37,롯데 광복점 뒤(2),22,6,16,27.3,2026-05-03 11:10:01
2026-05-03 11:14:02,A40,반여2배수지,111,53,58,47.7,2026-05-03 11:10:01
2026-05-03 11:14:02,A41,요트경기장 앞 1구역,231,201,30,87.0,2026-05-03 11:10:01
2026-05-03 11:14:02,A42,삼락천로,124,42,82,33.9,2026-05-03 11:10:01
2026-05-03 11:14:02,A43,부전복개도로1,20,11,9,55.0,2026-05-03 11:10:01
2026-05-03 11:14:02,A44,부전복개도로2,23,9,14,39.1,2026-05-03 11:10:01
2026-05-03 11:14:02,A45,적십자회관,31,0,31,0.0,2026-05-03 11:10:01
2026-05-03 11:14:02,A48,대연고가밑,46,1,45,2.2,2026-05-03 11:10:01
2026-05-03 11:14:02,A49,골드테마거리,16,11,5,68.8,2026-05-03 11:10:01
2026-05-03 11:14:02,A50,요트경기장 앞 2구역,68,68,0,100.0,2026-05-03 11:10:01
2026-05-03 11:14:02,A432,수안동주차빌딩,60,23,37,38.3,2026-05-03 11:10:01
2026-05-03 11:14:02,A433,구남역,122,61,61,50.0,2026-05-03 11:10:01
2026-05-03 11:14:02,A434,만덕2동사앞복개,73,68,5,93.2,2026-05-03 11:10:01
2026-05-03 14:42:26,A01,"반송1, 3동 공영",152,115,37,75.7,2026-05-03 14:40:00
2026-05-03 14:42:26,A02,삼락재첩거리,126,53,73,42.1,2026-05-03 14:40:00
2026-05-03 14:42:26,A03,수변어린이공원,149,128,21,85.9,2026-05-03 14:40:00
2026-05-03 14:42:26,A04,장산역 1번,87,66,21,75.9,2026-05-03 14:40:00
2026-05-03 14:42:26,A05,장산역 2번,104,82,22,78.8,2026-05-03 14:40:00
2026-05-03 14:42:26,A06,좌1동,68,53,15,77.9,2026-05-03 14:40:00
2026-05-03 14:42:26,A07,노포역,390,346,44,88.7,2026-05-03 14:40:00
2026-05-03 14:42:26,A09,두산위브 뒤,45,27,18,60.0,2026-05-03 14:40:00
2026-05-03 14:42:26,A10,대우1차아파트 앞,76,42,34,55.3,2026-05-03 14:40:00
2026-05-03 14:42:26,A11,부산기계공고 후문,78,73,5,93.6,2026-05-03 14:40:00
2026-05-03 14:42:26,A12,해운대 센텀시티,83,83,0,100.0,2026-05-03 14:40:00
2026-05-03 14:42:26,A13,반여도서관 앞,312,186,126,59.6,2026-05-03 14:40:00
2026-05-03 14:42:26,A14,동대신동,24,19,5,79.2,2026-05-03 14:40:00
2026-05-03 14:42:26,A15,신선3동,84,56,28,66.7,2026-05-03 14:40:00
2026-05-03 14:42:26,A16,영선대로 지하 공영,122,75,47,61.5,2026-05-03 14:40:00
2026-05-03 14:42:26,A17,동백사거리,36,25,11,69.4,2026-05-03 14:40:00
2026-05-03 14:42:26,A18,중동이마트 옆,78,68,10,87.2,2026-05-03 14:40:00
2026-05-03 14:42:26,A19,부산대역(남측),224,192,32,85.7,2026-05-03 14:40:00
2026-05-03 14:42:26,A20,부산대역(북측),249,173,76,69.5,2026-05-03 14:40:00
2026-05-03 14:42:26,A21,화명역,37,33,4,89.2,2026-05-03 14:40:00
2026-05-03 14:42:26,A22,학장천 복개,270,170,100,63.0,2026-05-03 14:40:00
2026-05-03 14:42:26,A23,수변공원,102,101,1,99.0,2026-05-03 14:40:00
2026-05-03 14:42:26,A24,중동역,167,61,106,36.5,2026-05-03 14:40:00
2026-05-03 14:42:26,A25,미포공영,97,80,17,82.5,2026-05-03 14:40:00
2026-05-03 14:42:26,A26,온천장역(남측),247,190,57,76.9,2026-05-03 14:40:00
2026-05-03 14:42:26,A27,구서역,272,110,162,40.4,2026-05-03 14:40:00
2026-05-03 14:42:26,A28,중앙공원,101,60,41,59.4,2026-05-03 14:40:00
2026-05-03 14:42:26,A29,장전역,190,78,112,41.1,2026-05-03 14:40:00
2026-05-03 14:42:26,A30,사상역 광장,0,-90,90,0.0,2026-05-03 14:40:00
2026-05-03 14:42:26,A32,남산역,210,91,119,43.3,2026-05-03 14:40:00
2026-05-03 14:42:26,A33,하단역,151,111,40,73.5,2026-05-03 14:40:00
2026-05-03 14:42:26,A34,명륜역,185,91,94,49.2,2026-05-03 14:40:00
2026-05-03 14:42:26,A35,동래역,400,263,137,65.8,2026-05-03 14:40:00
2026-05-03 14:42:26,A36,해운대광장,164,164,0,100.0,2026-05-03 14:40:00
2026-05-03 14:42:26,A37,롯데 광복점 뒤(2),22,16,6,72.7,2026-05-03 14:40:00
2026-05-03 14:42:26,A40,반여2배수지,111,49,62,44.1,2026-05-03 14:40:00
2026-05-03 14:42:26,A41,요트경기장 앞 1구역,231,43,188,18.6,2026-05-03 14:40:00
2026-05-03 14:42:26,A42,삼락천로,124,44,80,35.5,2026-05-03 14:40:00
2026-05-03 14:42:26,A43,부전복개도로1,20,15,5,75.0,2026-05-03 14:40:00
2026-05-03 14:42:26,A44,부전복개도로2,23,16,7,69.6,2026-05-03 14:40:00
2026-05-03 14:42:26,A45,적십자회관,31,0,31,0.0,2026-05-03 14:40:00
2026-05-03 14:42:26,A48,대연고가밑,46,1,45,2.2,2026-05-03 14:40:00
2026-05-03 14:42:26,A49,골드테마거리,16,15,1,93.8,2026-05-03 14:40:00
2026-05-03 14:42:26,A50,요트경기장 앞 2구역,68,58,10,85.3,2026-05-03 14:40:00
2026-05-03 14:42:26,A432,수안동주차빌딩,60,13,47,21.7,2026-05-03 14:40:00
2026-05-03 14:42:26,A433,구남역,122,59,63,48.4,2026-05-03 14:40:00
2026-05-03 14:42:26,A434,만덕2동사앞복개,73,71,2,97.3,2026-05-03 14:40:00
2026-05-03 16:52:50,A01,"반송1, 3동 공영",152,116,36,76.3,2026-05-03 16:50:01
2026-05-03 16:52:50,A02,삼락재첩거리,126,51,75,40.5,2026-05-03 16:50:01
2026-05-03 16:52:50,A03,수변어린이공원,149,106,43,71.1,2026-05-03 16:50:01
2026-05-03 16:52:50,A04,장산역 1번,87,70,17,80.5,2026-05-03 16:50:01
2026-05-03 16:52:50,A05,장산역 2번,104,75,29,72.1,2026-05-03 16:50:01
2026-05-03 16:52:50,A06,좌1동,68,53,15,77.9,2026-05-03 16:50:01
2026-05-03 16:52:50,A07,노포역,390,303,87,77.7,2026-05-03 16:50:01
2026-05-03 16:52:50,A09,두산위브 뒤,45,26,19,57.8,2026-05-03 16:50:01
2026-05-03 16:52:50,A10,대우1차아파트 앞,76,2,74,2.6,2026-05-03 16:50:01
2026-05-03 16:52:50,A11,부산기계공고 후문,78,75,3,96.2,2026-05-03 16:50:01
2026-05-03 16:52:50,A12,해운대 센텀시티,83,19,64,22.9,2026-05-03 16:50:01
2026-05-03 16:52:50,A13,반여도서관 앞,312,174,138,55.8,2026-05-03 16:50:01
2026-05-03 16:52:50,A14,동대신동,24,18,6,75.0,2026-05-03 16:50:01
2026-05-03 16:52:50,A15,신선3동,84,65,19,77.4,2026-05-03 16:50:01
2026-05-03 16:52:50,A16,영선대로 지하 공영,122,68,54,55.7,2026-05-03 16:50:01
2026-05-03 16:52:50,A17,동백사거리,36,35,1,97.2,2026-05-03 16:50:01
2026-05-03 16:52:50,A18,중동이마트 옆,78,68,10,87.2,2026-05-03 16:50:01
2026-05-03 16:52:50,A19,부산대역(남측),224,199,25,88.8,2026-05-03 16:50:01
2026-05-03 16:52:50,A20,부산대역(북측),249,190,59,76.3,2026-05-03 16:50:01
2026-05-03 16:52:50,A21,화명역,37,35,2,94.6,2026-05-03 16:50:01
2026-05-03 16:52:50,A22,학장천 복개,270,170,100,63.0,2026-05-03 16:50:01
2026-05-03 16:52:50,A23,수변공원,102,101,1,99.0,2026-05-03 16:50:01
2026-05-03 16:52:50,A24,중동역,167,63,104,37.7,2026-05-03 16:50:01
2026-05-03 16:52:50,A25,미포공영,97,88,9,90.7,2026-05-03 16:50:01
2026-05-03 16:52:50,A26,온천장역(남측),247,172,75,69.6,2026-05-03 16:50:01
2026-05-03 16:52:50,A27,구서역,272,107,165,39.3,2026-05-03 16:50:01
2026-05-03 16:52:50,A28,중앙공원,101,62,39,61.4,2026-05-03 16:50:01
2026-05-03 16:52:50,A29,장전역,190,66,124,34.7,2026-05-03 16:50:01
2026-05-03 16:52:50,A30,사상역 광장,0,-90,90,0.0,2026-05-03 16:50:01
2026-05-03 16:52:50,A32,남산역,210,77,133,36.7,2026-05-03 16:50:01
2026-05-03 16:52:50,A33,하단역,151,95,56,62.9,2026-05-03 16:50:01
2026-05-03 16:52:50,A34,명륜역,185,91,94,49.2,2026-05-03 16:50:01
2026-05-03 16:52:50,A35,동래역,400,285,115,71.2,2026-05-03 16:50:01
2026-05-03 16:52:50,A36,해운대광장,164,149,15,90.9,2026-05-03 16:50:01
2026-05-03 16:52:50,A37,롯데 광복점 뒤(2),22,12,10,54.5,2026-05-03 16:50:01
2026-05-03 16:52:50,A40,반여2배수지,111,55,56,49.5,2026-05-03 16:50:01
2026-05-03 16:52:50,A41,요트경기장 앞 1구역,231,43,188,18.6,2026-05-03 16:50:01
2026-05-03 16:52:50,A42,삼락천로,124,44,80,35.5,2026-05-03 16:50:01
2026-05-03 16:52:50,A43,부전복개도로1,20,16,4,80.0,2026-05-03 16:50:01
2026-05-03 16:52:50,A44,부전복개도로2,23,16,7,69.6,2026-05-03 16:50:01
2026-05-03 16:52:50,A45,적십자회관,31,0,31,0.0,2026-05-03 16:50:01
2026-05-03 16:52:50,A48,대연고가밑,46,1,45,2.2,2026-05-03 16:50:01
2026-05-03 16:52:50,A49,골드테마거리,16,15,1,93.8,2026-05-03 16:50:01
2026-05-03 16:52:50,A50,요트경기장 앞 2구역,68,46,22,67.6,2026-05-03 16:50:01
2026-05-03 16:52:50,A432,수안동주차빌딩,60,10,50,16.7,2026-05-03 16:50:01
2026-05-03 16:52:50,A433,구남역,122,51,71,41.8,2026-05-03 16:50:01
2026-05-03 16:52:50,A434,만덕2동사앞복개,73,63,10,86.3,2026-05-03 16:50:01
2026-05-03 18:17:39,A01,"반송1, 3동 공영",152,116,36,76.3,2026-05-03 18:15:01
2026-05-03 18:17:39,A02,삼락재첩거리,126,53,73,42.1,2026-05-03 18:15:01
2026-05-03 18:17:39,A03,수변어린이공원,149,148,1,99.3,2026-05-03 18:15:01
2026-05-03 18:17:39,A04,장산역 1번,87,81,6,93.1,2026-05-03 18:15:01
2026-05-03 18:17:39,A05,장산역 2번,104,93,11,89.4,2026-05-03 18:15:01
2026-05-03 18:17:39,A06,좌1동,68,51,17,75.0,2026-05-03 18:15:01
2026-05-03 18:17:39,A07,노포역,390,267,123,68.5,2026-05-03 18:15:01
2026-05-03 18:17:39,A09,두산위브 뒤,45,24,21,53.3,2026-05-03 18:15:01
2026-05-03 18:17:39,A10,대우1차아파트 앞,76,39,37,51.3,2026-05-03 18:15:01
2026-05-03 18:17:39,A11,부산기계공고 후문,78,73,5,93.6,2026-05-03 18:15:01
2026-05-03 18:17:39,A12,해운대 센텀시티,83,18,65,21.7,2026-05-03 18:15:01
2026-05-03 18:17:39,A13,반여도서관 앞,312,191,121,61.2,2026-05-03 18:15:01
2026-05-03 18:17:39,A14,동대신동,24,24,0,100.0,2026-05-03 18:15:01
2026-05-03 18:17:39,A15,신선3동,84,34,50,40.5,2026-05-03 18:15:01
2026-05-03 18:17:39,A16,영선대로 지하 공영,122,83,39,68.0,2026-05-03 18:15:01
2026-05-03 18:17:39,A17,동백사거리,36,33,3,91.7,2026-05-03 18:15:01
2026-05-03 18:17:39,A18,중동이마트 옆,78,74,4,94.9,2026-05-03 18:15:01
2026-05-03 18:17:39,A19,부산대역(남측),224,205,19,91.5,2026-05-03 18:15:01
2026-05-03 18:17:39,A20,부산대역(북측),249,188,61,75.5,2026-05-03 18:15:01
2026-05-03 18:17:39,A21,화명역,37,33,4,89.2,2026-05-03 18:15:01
2026-05-03 18:17:39,A22,학장천 복개,270,135,135,50.0,2026-05-03 18:15:01
2026-05-03 18:17:39,A23,수변공원,102,101,1,99.0,2026-05-03 18:15:01
2026-05-03 18:17:39,A24,중동역,167,66,101,39.5,2026-05-03 18:15:01
2026-05-03 18:17:39,A25,미포공영,97,79,18,81.4,2026-05-03 18:15:01
2026-05-03 18:17:39,A26,온천장역(남측),247,146,101,59.1,2026-05-03 18:15:01
2026-05-03 18:17:39,A27,구서역,272,132,140,48.5,2026-05-03 18:15:01
2026-05-03 18:17:39,A28,중앙공원,101,55,46,54.5,2026-05-03 18:15:01
2026-05-03 18:17:39,A29,장전역,190,76,114,40.0,2026-05-03 18:15:01
2026-05-03 18:17:39,A30,사상역 광장,0,-90,90,0.0,2026-05-03 18:15:01
2026-05-03 18:17:39,A32,남산역,210,96,114,45.7,2026-05-03 18:15:01
2026-05-03 18:17:39,A33,하단역,151,79,72,52.3,2026-05-03 18:15:01
2026-05-03 18:17:39,A34,명륜역,185,104,81,56.2,2026-05-03 18:15:01
2026-05-03 18:17:39,A35,동래역,400,378,22,94.5,2026-05-03 18:15:01
2026-05-03 18:17:39,A36,해운대광장,164,164,0,100.0,2026-05-03 18:15:01
2026-05-03 18:17:39,A37,롯데 광복점 뒤(2),22,12,10,54.5,2026-05-03 18:15:01
2026-05-03 18:17:39,A40,반여2배수지,111,56,55,50.5,2026-05-03 18:15:01
2026-05-03 18:17:39,A41,요트경기장 앞 1구역,231,126,105,54.5,2026-05-03 18:15:01
2026-05-03 18:17:39,A42,삼락천로,124,38,86,30.6,2026-05-03 18:15:01
2026-05-03 18:17:39,A43,부전복개도로1,20,1,19,5.0,2026-05-03 18:15:01
2026-05-03 18:17:39,A44,부전복개도로2,23,17,6,73.9,2026-05-03 18:15:01
2026-05-03 18:17:39,A45,적십자회관,31,0,31,0.0,2026-05-03 18:15:01
2026-05-03 18:17:39,A48,대연고가밑,46,1,45,2.2,2026-05-03 18:15:01
2026-05-03 18:17:39,A49,골드테마거리,16,5,11,31.2,2026-05-03 18:15:01
2026-05-03 18:17:39,A50,요트경기장 앞 2구역,68,63,5,92.6,2026-05-03 18:15:01
2026-05-03 18:17:39,A432,수안동주차빌딩,60,11,49,18.3,2026-05-03 18:15:01
2026-05-03 18:17:39,A433,구남역,122,53,69,43.4,2026-05-03 18:15:01
2026-05-03 18:17:39,A434,만덕2동사앞복개,73,53,20,72.6,2026-05-03 18:15:01
2026-05-03 19:30:13,A01,"반송1, 3동 공영",152,120,32,78.9,2026-05-03 19:30:01
2026-05-03 19:30:13,A02,삼락재첩거리,126,55,71,43.7,2026-05-03 19:30:01
2026-05-03 19:30:13,A03,수변어린이공원,149,141,8,94.6,2026-05-03 19:30:01
2026-05-03 19:30:13,A04,장산역 1번,87,74,13,85.1,2026-05-03 19:30:01
2026-05-03 19:30:13,A05,장산역 2번,104,72,32,69.2,2026-05-03 19:30:01
2026-05-03 19:30:13,A06,좌1동,68,40,28,58.8,2026-05-03 19:30:01
2026-05-03 19:30:13,A07,노포역,390,231,159,59.2,2026-05-03 19:30:01
2026-05-03 19:30:13,A09,두산위브 뒤,45,25,20,55.6,2026-05-03 19:30:01
2026-05-03 19:30:13,A10,대우1차아파트 앞,76,21,55,27.6,2026-05-03 19:30:01
2026-05-03 19:30:13,A11,부산기계공고 후문,78,73,5,93.6,2026-05-03 19:30:01
2026-05-03 19:30:13,A12,해운대 센텀시티,83,83,0,100.0,2026-05-03 19:30:01
2026-05-03 19:30:13,A13,반여도서관 앞,312,194,118,62.2,2026-05-03 19:30:01
2026-05-03 19:30:13,A14,동대신동,24,21,3,87.5,2026-05-03 19:30:01
2026-05-03 19:30:13,A15,신선3동,84,31,53,36.9,2026-05-03 19:30:01
2026-05-03 19:30:13,A16,영선대로 지하 공영,122,90,32,73.8,2026-05-03 19:30:01
2026-05-03 19:30:13,A17,동백사거리,36,27,9,75.0,2026-05-03 19:30:01
2026-05-03 19:30:13,A18,중동이마트 옆,78,78,0,100.0,2026-05-03 19:30:01
2026-05-03 19:30:13,A19,부산대역(남측),224,203,21,90.6,2026-05-03 19:30:01
2026-05-03 19:30:13,A20,부산대역(북측),249,175,74,70.3,2026-05-03 19:30:01
2026-05-03 19:30:13,A21,화명역,37,35,2,94.6,2026-05-03 19:30:01
2026-05-03 19:30:13,A22,학장천 복개,270,110,160,40.7,2026-05-03 19:30:01
2026-05-03 19:30:13,A23,수변공원,102,101,1,99.0,2026-05-03 19:30:01
2026-05-03 19:30:13,A24,중동역,167,55,112,32.9,2026-05-03 19:30:01
2026-05-03 19:30:13,A25,미포공영,97,73,24,75.3,2026-05-03 19:30:01
2026-05-03 19:30:13,A26,온천장역(남측),247,120,127,48.6,2026-05-03 19:30:01
2026-05-03 19:30:13,A27,구서역,272,113,159,41.5,2026-05-03 19:30:01
2026-05-03 19:30:13,A28,중앙공원,101,57,44,56.4,2026-05-03 19:30:01
2026-05-03 19:30:13,A29,장전역,190,70,120,36.8,2026-05-03 19:30:01
2026-05-03 19:30:13,A30,사상역 광장,0,-90,90,0.0,2026-05-03 19:30:01
2026-05-03 19:30:13,A32,남산역,210,76,134,36.2,2026-05-03 19:30:01
2026-05-03 19:30:13,A33,하단역,151,71,80,47.0,2026-05-03 19:30:01
2026-05-03 19:30:13,A34,명륜역,185,91,94,49.2,2026-05-03 19:30:01
2026-05-03 19:30:13,A35,동래역,400,377,23,94.2,2026-05-03 19:30:01
2026-05-03 19:30:13,A36,해운대광장,164,164,0,100.0,2026-05-03 19:30:01
2026-05-03 19:30:13,A37,롯데 광복점 뒤(2),22,12,10,54.5,2026-05-03 19:30:01
2026-05-03 19:30:13,A40,반여2배수지,111,59,52,53.2,2026-05-03 19:30:01
2026-05-03 19:30:13,A41,요트경기장 앞 1구역,231,79,152,34.2,2026-05-03 19:30:01
2026-05-03 19:30:13,A42,삼락천로,124,37,87,29.8,2026-05-03 19:30:01
2026-05-03 19:30:13,A43,부전복개도로1,20,1,19,5.0,2026-05-03 19:30:01
2026-05-03 19:30:13,A44,부전복개도로2,23,17,6,73.9,2026-05-03 19:30:01
2026-05-03 19:30:13,A45,적십자회관,31,0,31,0.0,2026-05-03 19:30:01
2026-05-03 19:30:13,A48,대연고가밑,46,1,45,2.2,2026-05-03 19:30:01
2026-05-03 19:30:13,A49,골드테마거리,16,1,15,6.2,2026-05-03 19:30:01
2026-05-03 19:30:13,A50,요트경기장 앞 2구역,68,53,15,77.9,2026-05-03 19:30:01
2026-05-03 19:30:13,A432,수안동주차빌딩,60,11,49,18.3,2026-05-03 19:30:01
2026-05-03 19:30:13,A433,구남역,122,52,70,42.6,2026-05-03 19:30:01
2026-05-03 19:30:13,A434,만덕2동사앞복개,73,49,24,67.1,2026-05-03 19:30:01
2026-05-03 20:37:33,A01,"반송1, 3동 공영",152,119,33,78.3,2026-05-03 20:35:00
2026-05-03 20:37:33,A02,삼락재첩거리,126,57,69,45.2,2026-05-03 20:35:00
2026-05-03 20:37:33,A03,수변어린이공원,149,127,22,85.2,2026-05-03 20:35:00
2026-05-03 20:37:33,A04,장산역 1번,87,74,13,85.1,2026-05-03 20:35:00
2026-05-03 20:37:33,A05,장산역 2번,104,73,31,70.2,2026-05-03 20:35:00
2026-05-03 20:37:33,A06,좌1동,68,29,39,42.6,2026-05-03 20:35:00
2026-05-03 20:37:33,A07,노포역,390,211,179,54.1,2026-05-03 20:35:00
2026-05-03 20:37:33,A09,두산위브 뒤,45,25,20,55.6,2026-05-03 20:35:00
2026-05-03 20:37:33,A10,대우1차아파트 앞,76,21,55,27.6,2026-05-03 20:35:00
2026-05-03 20:37:33,A11,부산기계공고 후문,78,73,5,93.6,2026-05-03 20:35:00
2026-05-03 20:37:33,A12,해운대 센텀시티,83,17,66,20.5,2026-05-03 20:35:00
2026-05-03 20:37:33,A13,반여도서관 앞,312,192,120,61.5,2026-05-03 20:35:00
2026-05-03 20:37:33,A14,동대신동,24,24,0,100.0,2026-05-03 20:35:00
2026-05-03 20:37:33,A15,신선3동,84,30,54,35.7,2026-05-03 20:35:00
2026-05-03 20:37:33,A16,영선대로 지하 공영,122,61,61,50.0,2026-05-03 20:35:00
2026-05-03 20:37:33,A17,동백사거리,36,20,16,55.6,2026-05-03 20:35:00
2026-05-03 20:37:33,A18,중동이마트 옆,78,76,2,97.4,2026-05-03 20:35:00
2026-05-03 20:37:33,A19,부산대역(남측),224,136,88,60.7,2026-05-03 20:35:00
2026-05-03 20:37:33,A20,부산대역(북측),249,124,125,49.8,2026-05-03 20:35:00
2026-05-03 20:37:33,A21,화명역,37,33,4,89.2,2026-05-03 20:35:00
2026-05-03 20:37:33,A22,학장천 복개,270,94,176,34.8,2026-05-03 20:35:00
2026-05-03 20:37:33,A23,수변공원,102,101,1,99.0,2026-05-03 20:35:00
2026-05-03 20:37:33,A24,중동역,167,50,117,29.9,2026-05-03 20:35:00
2026-05-03 20:37:33,A25,미포공영,97,61,36,62.9,2026-05-03 20:35:00
2026-05-03 20:37:33,A26,온천장역(남측),247,114,133,46.2,2026-05-03 20:35:00
2026-05-03 20:37:33,A27,구서역,272,99,173,36.4,2026-05-03 20:35:00
2026-05-03 20:37:33,A28,중앙공원,101,58,43,57.4,2026-05-03 20:35:00
2026-05-03 20:37:33,A29,장전역,190,65,125,34.2,2026-05-03 20:35:00
2026-05-03 20:37:33,A30,사상역 광장,0,-90,90,0.0,2026-05-03 20:35:00
2026-05-03 20:37:33,A32,남산역,210,96,114,45.7,2026-05-03 20:35:00
2026-05-03 20:37:33,A33,하단역,151,64,87,42.4,2026-05-03 20:35:00
2026-05-03 20:37:33,A34,명륜역,185,91,94,49.2,2026-05-03 20:35:00
2026-05-03 20:37:33,A35,동래역,400,334,66,83.5,2026-05-03 20:35:00
2026-05-03 20:37:33,A36,해운대광장,164,164,0,100.0,2026-05-03 20:35:00
2026-05-03 20:37:33,A37,롯데 광복점 뒤(2),22,12,10,54.5,2026-05-03 20:35:00
2026-05-03 20:37:33,A40,반여2배수지,111,62,49,55.9,2026-05-03 20:35:00
2026-05-03 20:37:33,A41,요트경기장 앞 1구역,231,42,189,18.2,2026-05-03 20:35:00
2026-05-03 20:37:33,A42,삼락천로,124,38,86,30.6,2026-05-03 20:35:00
2026-05-03 20:37:33,A43,부전복개도로1,20,1,19,5.0,2026-05-03 20:35:00
2026-05-03 20:37:33,A44,부전복개도로2,23,17,6,73.9,2026-05-03 20:35:00
2026-05-03 20:37:33,A45,적십자회관,31,0,31,0.0,2026-05-03 20:35:00
2026-05-03 20:37:33,A48,대연고가밑,46,1,45,2.2,2026-05-03 20:35:00
2026-05-03 20:37:33,A49,골드테마거리,16,1,15,6.2,2026-05-03 20:35:00
2026-05-03 20:37:33,A50,요트경기장 앞 2구역,68,48,20,70.6,2026-05-03 20:35:00
2026-05-03 20:37:33,A432,수안동주차빌딩,60,8,52,13.3,2026-05-03 20:35:00
2026-05-03 20:37:33,A433,구남역,122,50,72,41.0,2026-05-03 20:35:00
2026-05-03 20:37:33,A434,만덕2동사앞복개,73,44,29,60.3,2026-05-03 20:35:00
2026-05-03 21:55:51,A01,"반송1, 3동 공영",152,122,30,80.3,2026-05-03 21:55:00
2026-05-03 21:55:51,A02,삼락재첩거리,126,59,67,46.8,2026-05-03 21:55:00
2026-05-03 21:55:51,A03,수변어린이공원,149,92,57,61.7,2026-05-03 21:55:00
2026-05-03 21:55:51,A04,장산역 1번,87,61,26,70.1,2026-05-03 21:55:00
2026-05-03 21:55:51,A05,장산역 2번,104,51,53,49.0,2026-05-03 21:55:00
2026-05-03 21:55:51,A06,좌1동,68,29,39,42.6,2026-05-03 21:55:00
2026-05-03 21:55:51,A07,노포역,390,166,224,42.6,2026-05-03 21:55:00
2026-05-03 21:55:51,A09,두산위브 뒤,45,31,14,68.9,2026-05-03 21:55:00
2026-05-03 21:55:51,A10,대우1차아파트 앞,76,12,64,15.8,2026-05-03 21:55:00
2026-05-03 21:55:51,A11,부산기계공고 후문,78,73,5,93.6,2026-05-03 21:55:00
2026-05-03 21:55:51,A12,해운대 센텀시티,83,83,0,100.0,2026-05-03 21:55:00
2026-05-03 21:55:51,A13,반여도서관 앞,312,212,100,67.9,2026-05-03 21:55:00
2026-05-03 21:55:51,A14,동대신동,24,24,0,100.0,2026-05-03 21:55:00
2026-05-03 21:55:51,A15,신선3동,84,31,53,36.9,2026-05-03 21:55:00
2026-05-03 21:55:51,A16,영선대로 지하 공영,122,47,75,38.5,2026-05-03 21:55:00
2026-05-03 21:55:51,A17,동백사거리,36,21,15,58.3,2026-05-03 21:55:00
2026-05-03 21:55:51,A18,중동이마트 옆,78,54,24,69.2,2026-05-03 21:55:00
2026-05-03 21:55:51,A19,부산대역(남측),224,64,160,28.6,2026-05-03 21:55:00
2026-05-03 21:55:51,A20,부산대역(북측),249,71,178,28.5,2026-05-03 21:55:00
2026-05-03 21:55:51,A21,화명역,37,33,4,89.2,2026-05-03 21:55:00
2026-05-03 21:55:51,A22,학장천 복개,270,81,189,30.0,2026-05-03 21:55:00
2026-05-03 21:55:51,A23,수변공원,102,92,10,90.2,2026-05-03 21:55:00
2026-05-03 21:55:51,A24,중동역,167,49,118,29.3,2026-05-03 21:55:00
2026-05-03 21:55:51,A25,미포공영,97,42,55,43.3,2026-05-03 21:55:00
2026-05-03 21:55:51,A26,온천장역(남측),247,102,145,41.3,2026-05-03 21:55:00
2026-05-03 21:55:51,A27,구서역,272,77,195,28.3,2026-05-03 21:55:00
2026-05-03 21:55:51,A28,중앙공원,101,63,38,62.4,2026-05-03 21:55:00
2026-05-03 21:55:51,A29,장전역,190,59,131,31.1,2026-05-03 21:55:00
2026-05-03 21:55:51,A30,사상역 광장,0,-90,90,0.0,2026-05-03 21:55:00
2026-05-03 21:55:51,A32,남산역,210,78,132,37.1,2026-05-03 21:55:00
2026-05-03 21:55:51,A33,하단역,151,59,92,39.1,2026-05-03 21:55:00
2026-05-03 21:55:51,A34,명륜역,185,91,94,49.2,2026-05-03 21:55:00
2026-05-03 21:55:51,A35,동래역,400,253,147,63.2,2026-05-03 21:55:00
2026-05-03 21:55:51,A36,해운대광장,164,164,0,100.0,2026-05-03 21:55:00
2026-05-03 21:55:51,A37,롯데 광복점 뒤(2),22,12,10,54.5,2026-05-03 21:55:00
2026-05-03 21:55:51,A40,반여2배수지,111,61,50,55.0,2026-05-03 21:55:00
2026-05-03 21:55:51,A41,요트경기장 앞 1구역,231,31,200,13.4,2026-05-03 21:55:00
2026-05-03 21:55:51,A42,삼락천로,124,40,84,32.3,2026-05-03 21:55:00
2026-05-03 21:55:51,A43,부전복개도로1,20,1,19,5.0,2026-05-03 21:55:00
2026-05-03 21:55:51,A44,부전복개도로2,23,17,6,73.9,2026-05-03 21:55:00
2026-05-03 21:55:51,A45,적십자회관,31,0,31,0.0,2026-05-03 21:55:00
2026-05-03 21:55:51,A48,대연고가밑,46,1,45,2.2,2026-05-03 21:55:00
2026-05-03 21:55:51,A49,골드테마거리,16,1,15,6.2,2026-05-03 21:55:00
2026-05-03 21:55:51,A50,요트경기장 앞 2구역,68,41,27,60.3,2026-05-03 21:55:00
2026-05-03 21:55:51,A432,수안동주차빌딩,60,8,52,13.3,2026-05-03 21:55:00
2026-05-03 21:55:51,A433,구남역,122,50,72,41.0,2026-05-03 21:55:00
2026-05-03 21:55:51,A434,만덕2동사앞복개,73,41,32,56.2,2026-05-03 21:55:00
2026-05-03 23:09:16,A01,"반송1, 3동 공영",152,123,29,80.9,2026-05-03 23:05:00
2026-05-03 23:09:16,A02,삼락재첩거리,126,63,63,50.0,2026-05-03 23:05:00
2026-05-03 23:09:16,A03,수변어린이공원,149,66,83,44.3,2026-05-03 23:05:00
2026-05-03 23:09:16,A04,장산역 1번,87,52,35,59.8,2026-05-03 23:05:00
2026-05-03 23:09:16,A05,장산역 2번,104,32,72,30.8,2026-05-03 23:05:00
2026-05-03 23:09:16,A06,좌1동,68,20,48,29.4,2026-05-03 23:05:00
2026-05-03 23:09:16,A07,노포역,390,137,253,35.1,2026-05-03 23:05:00
2026-05-03 23:09:16,A09,두산위브 뒤,45,26,19,57.8,2026-05-03 23:05:00
2026-05-03 23:09:16,A10,대우1차아파트 앞,76,11,65,14.5,2026-05-03 23:05:00
2026-05-03 23:09:16,A11,부산기계공고 후문,78,73,5,93.6,2026-05-03 23:05:00
2026-05-03 23:09:16,A12,해운대 센텀시티,83,83,0,100.0,2026-05-03 23:05:00
2026-05-03 23:09:16,A13,반여도서관 앞,312,193,119,61.9,2026-05-03 23:05:00
2026-05-03 23:09:16,A14,동대신동,24,24,0,100.0,2026-05-03 23:05:00
2026-05-03 23:09:16,A15,신선3동,84,33,51,39.3,2026-05-03 23:05:00
2026-05-03 23:09:16,A16,영선대로 지하 공영,122,46,76,37.7,2026-05-03 23:05:00
2026-05-03 23:09:16,A17,동백사거리,36,14,22,38.9,2026-05-03 23:05:00
2026-05-03 23:09:16,A18,중동이마트 옆,78,48,30,61.5,2026-05-03 23:05:00
2026-05-03 23:09:16,A19,부산대역(남측),224,48,176,21.4,2026-05-03 23:05:00
2026-05-03 23:09:16,A20,부산대역(북측),249,48,201,19.3,2026-05-03 23:05:00
2026-05-03 23:09:16,A21,화명역,37,33,4,89.2,2026-05-03 23:05:00
2026-05-03 23:09:16,A22,학장천 복개,270,71,199,26.3,2026-05-03 23:05:00
2026-05-03 23:09:16,A23,수변공원,102,60,42,58.8,2026-05-03 23:05:00
2026-05-03 23:09:16,A24,중동역,167,47,120,28.1,2026-05-03 23:05:00
2026-05-03 23:09:16,A25,미포공영,97,37,60,38.1,2026-05-03 23:05:00
2026-05-03 23:09:16,A26,온천장역(남측),247,91,156,36.8,2026-05-03 23:05:00
2026-05-03 23:09:16,A27,구서역,272,72,200,26.5,2026-05-03 23:05:00
2026-05-03 23:09:16,A28,중앙공원,101,57,44,56.4,2026-05-03 23:05:00
2026-05-03 23:09:16,A29,장전역,190,54,136,28.4,2026-05-03 23:05:00
2026-05-03 23:09:16,A30,사상역 광장,0,-90,90,0.0,2026-05-03 23:05:00
2026-05-03 23:09:16,A32,남산역,210,78,132,37.1,2026-05-03 23:05:00
2026-05-03 23:09:16,A33,하단역,151,55,96,36.4,2026-05-03 23:05:00
2026-05-03 23:09:16,A34,명륜역,185,91,94,49.2,2026-05-03 23:05:00
2026-05-03 23:09:16,A35,동래역,400,194,206,48.5,2026-05-03 23:05:00
2026-05-03 23:09:16,A36,해운대광장,164,143,21,87.2,2026-05-03 23:05:00
2026-05-03 23:09:16,A37,롯데 광복점 뒤(2),22,12,10,54.5,2026-05-03 23:05:00
2026-05-03 23:09:16,A40,반여2배수지,111,63,48,56.8,2026-05-03 23:05:00
2026-05-03 23:09:16,A41,요트경기장 앞 1구역,231,31,200,13.4,2026-05-03 23:05:00
2026-05-03 23:09:16,A42,삼락천로,124,39,85,31.5,2026-05-03 23:05:00
2026-05-03 23:09:16,A43,부전복개도로1,20,1,19,5.0,2026-05-03 23:05:00
2026-05-03 23:09:16,A44,부전복개도로2,23,17,6,73.9,2026-05-03 23:05:00
2026-05-03 23:09:16,A45,적십자회관,31,0,31,0.0,2026-05-03 23:05:00
2026-05-03 23:09:16,A48,대연고가밑,46,1,45,2.2,2026-05-03 23:05:00
2026-05-03 23:09:16,A49,골드테마거리,16,1,15,6.2,2026-05-03 23:05:00
2026-05-03 23:09:16,A50,요트경기장 앞 2구역,68,27,41,39.7,2026-05-03 23:05:00
2026-05-03 23:09:16,A432,수안동주차빌딩,60,8,52,13.3,2026-05-03 23:05:00
2026-05-03 23:09:16,A433,구남역,122,51,71,41.8,2026-05-03 23:05:00
2026-05-03 23:09:16,A434,만덕2동사앞복개,73,38,35,52.1,2026-05-03 23:05:00
2026-05-04 00:09:52,A01,"반송1, 3동 공영",152,122,30,80.3,2026-05-04 00:05:00
2026-05-04 00:09:52,A02,삼락재첩거리,126,64,62,50.8,2026-05-04 00:05:00
2026-05-04 00:09:52,A03,수변어린이공원,149,57,92,38.3,2026-05-04 00:05:00
2026-05-04 00:09:52,A04,장산역 1번,87,87,0,100.0,2026-05-04 00:05:00
2026-05-04 00:09:52,A05,장산역 2번,104,21,83,20.2,2026-05-04 00:05:00
2026-05-04 00:09:52,A06,좌1동,68,16,52,23.5,2026-05-04 00:05:00
2026-05-04 00:09:52,A07,노포역,390,126,264,32.3,2026-05-04 00:05:00
2026-05-04 00:09:52,A09,두산위브 뒤,45,25,20,55.6,2026-05-04 00:05:00
2026-05-04 00:09:52,A10,대우1차아파트 앞,76,10,66,13.2,2026-05-04 00:05:00
2026-05-04 00:09:52,A11,부산기계공고 후문,78,73,5,93.6,2026-05-04 00:05:00
2026-05-04 00:09:52,A12,해운대 센텀시티,83,9,74,10.8,2026-05-04 00:05:00
2026-05-04 00:09:52,A13,반여도서관 앞,312,212,100,67.9,2026-05-04 00:05:00
2026-05-04 00:09:52,A14,동대신동,24,24,0,100.0,2026-05-04 00:05:00
2026-05-04 00:09:52,A15,신선3동,84,33,51,39.3,2026-05-04 00:05:00
2026-05-04 00:09:52,A16,영선대로 지하 공영,122,41,81,33.6,2026-05-04 00:05:00
2026-05-04 00:09:52,A17,동백사거리,36,13,23,36.1,2026-05-04 00:05:00
2026-05-04 00:09:52,A18,중동이마트 옆,78,45,33,57.7,2026-05-04 00:05:00
2026-05-04 00:09:52,A19,부산대역(남측),224,28,196,12.5,2026-05-04 00:05:00
2026-05-04 00:09:52,A20,부산대역(북측),249,27,222,10.8,2026-05-04 00:05:00
2026-05-04 00:09:52,A21,화명역,37,33,4,89.2,2026-05-04 00:05:00
2026-05-04 00:09:52,A22,학장천 복개,270,72,198,26.7,2026-05-04 00:05:00
2026-05-04 00:09:52,A23,수변공원,102,50,52,49.0,2026-05-04 00:05:00
2026-05-04 00:09:52,A24,중동역,167,47,120,28.1,2026-05-04 00:05:00
2026-05-04 00:09:52,A25,미포공영,97,32,65,33.0,2026-05-04 00:05:00
2026-05-04 00:09:52,A26,온천장역(남측),247,84,163,34.0,2026-05-04 00:05:00
2026-05-04 00:09:52,A27,구서역,272,69,203,25.4,2026-05-04 00:05:00
2026-05-04 00:09:52,A28,중앙공원,101,58,43,57.4,2026-05-04 00:05:00
2026-05-04 00:09:52,A29,장전역,190,55,135,28.9,2026-05-04 00:05:00
2026-05-04 00:09:52,A30,사상역 광장,0,-90,90,0.0,2026-05-04 00:05:00
2026-05-04 00:09:52,A32,남산역,210,96,114,45.7,2026-05-04 00:05:00
2026-05-04 00:09:52,A33,하단역,151,54,97,35.8,2026-05-04 00:05:00
2026-05-04 00:09:52,A34,명륜역,185,91,94,49.2,2026-05-04 00:05:00
2026-05-04 00:09:52,A35,동래역,400,137,263,34.2,2026-05-04 00:05:00
2026-05-04 00:09:52,A36,해운대광장,164,99,65,60.4,2026-05-04 00:05:00
2026-05-04 00:09:52,A37,롯데 광복점 뒤(2),22,12,10,54.5,2026-05-04 00:05:00
2026-05-04 00:09:52,A40,반여2배수지,111,63,48,56.8,2026-05-04 00:05:00
2026-05-04 00:09:52,A41,요트경기장 앞 1구역,231,31,200,13.4,2026-05-04 00:05:00
2026-05-04 00:09:52,A42,삼락천로,124,40,84,32.3,2026-05-04 00:05:00
2026-05-04 00:09:52,A43,부전복개도로1,20,1,19,5.0,2026-05-04 00:05:00
2026-05-04 00:09:52,A44,부전복개도로2,23,17,6,73.9,2026-05-04 00:05:00
2026-05-04 00:09:52,A45,적십자회관,31,0,31,0.0,2026-05-04 00:05:00
2026-05-04 00:09:52,A48,대연고가밑,46,1,45,2.2,2026-05-04 00:05:00
2026-05-04 00:09:52,A49,골드테마거리,16,1,15,6.2,2026-05-04 00:05:00
2026-05-04 00:09:52,A50,요트경기장 앞 2구역,68,25,43,36.8,2026-05-04 00:05:00
2026-05-04 00:09:52,A432,수안동주차빌딩,60,8,52,13.3,2026-05-04 00:05:00
2026-05-04 00:09:52,A433,구남역,122,52,70,42.6,2026-05-04 00:05:00
2026-05-04 00:09:52,A434,만덕2동사앞복개,73,38,35,52.1,2026-05-04 00:05:00
2026-05-04 01:06:50,A01,"반송1, 3동 공영",152,123,29,80.9,2026-05-04 01:05:00
2026-05-04 01:06:50,A02,삼락재첩거리,126,64,62,50.8,2026-05-04 01:05:00
2026-05-04 01:06:50,A03,수변어린이공원,149,52,97,34.9,2026-05-04 01:05:00
2026-05-04 01:06:50,A04,장산역 1번,87,89,-2,102.3,2026-05-04 01:05:00
2026-05-04 01:06:50,A05,장산역 2번,104,16,88,15.4,2026-05-04 01:05:00
2026-05-04 01:06:50,A06,좌1동,68,14,54,20.6,2026-05-04 01:05:00
2026-05-04 01:06:50,A07,노포역,390,122,268,31.3,2026-05-04 01:05:00
2026-05-04 01:06:50,A09,두산위브 뒤,45,26,19,57.8,2026-05-04 01:05:00
2026-05-04 01:06:50,A10,대우1차아파트 앞,76,2,74,2.6,2026-05-04 01:05:00
2026-05-04 01:06:50,A11,부산기계공고 후문,78,73,5,93.6,2026-05-04 01:05:00
2026-05-04 01:06:50,A12,해운대 센텀시티,83,9,74,10.8,2026-05-04 01:05:00
2026-05-04 01:06:50,A13,반여도서관 앞,312,182,130,58.3,2026-05-04 01:05:00
2026-05-04 01:06:50,A14,동대신동,24,24,0,100.0,2026-05-04 01:05:00
2026-05-04 01:06:50,A15,신선3동,84,33,51,39.3,2026-05-04 01:05:00
2026-05-04 01:06:50,A16,영선대로 지하 공영,122,41,81,33.6,2026-05-04 01:05:00
2026-05-04 01:06:50,A17,동백사거리,36,13,23,36.1,2026-05-04 01:05:00
2026-05-04 01:06:50,A18,중동이마트 옆,78,44,34,56.4,2026-05-04 01:05:00
2026-05-04 01:06:50,A19,부산대역(남측),224,22,202,9.8,2026-05-04 01:05:00
2026-05-04 01:06:50,A20,부산대역(북측),249,23,226,9.2,2026-05-04 01:05:00
2026-05-04 01:06:50,A21,화명역,37,33,4,89.2,2026-05-04 01:05:00
2026-05-04 01:06:50,A22,학장천 복개,270,72,198,26.7,2026-05-04 01:05:00
2026-05-04 01:06:50,A23,수변공원,102,46,56,45.1,2026-05-04 01:05:00
2026-05-04 01:06:50,A24,중동역,167,47,120,28.1,2026-05-04 01:05:00
2026-05-04 01:06:50,A25,미포공영,97,31,66,32.0,2026-05-04 01:05:00
2026-05-04 01:06:50,A26,온천장역(남측),247,83,164,33.6,2026-05-04 01:05:00
2026-05-04 01:06:50,A27,구서역,272,66,206,24.3,2026-05-04 01:05:00
2026-05-04 01:06:50,A28,중앙공원,101,58,43,57.4,2026-05-04 01:05:00
2026-05-04 01:06:50,A29,장전역,190,53,137,27.9,2026-05-04 01:05:00
2026-05-04 01:06:50,A30,사상역 광장,0,-90,90,0.0,2026-05-04 01:05:00
2026-05-04 01:06:50,A32,남산역,210,96,114,45.7,2026-05-04 01:05:00
2026-05-04 01:06:50,A33,하단역,151,53,98,35.1,2026-05-04 01:05:00
2026-05-04 01:06:50,A34,명륜역,185,91,94,49.2,2026-05-04 01:05:00
2026-05-04 01:06:50,A35,동래역,400,106,294,26.5,2026-05-04 01:05:00
2026-05-04 01:06:50,A36,해운대광장,164,93,71,56.7,2026-05-04 01:05:00
2026-05-04 01:06:50,A37,롯데 광복점 뒤(2),22,12,10,54.5,2026-05-04 01:05:00
2026-05-04 01:06:50,A40,반여2배수지,111,63,48,56.8,2026-05-04 01:05:00
2026-05-04 01:06:50,A41,요트경기장 앞 1구역,231,31,200,13.4,2026-05-04 01:05:00
2026-05-04 01:06:50,A42,삼락천로,124,40,84,32.3,2026-05-04 01:05:00
2026-05-04 01:06:50,A43,부전복개도로1,20,1,19,5.0,2026-05-04 01:05:00
2026-05-04 01:06:50,A44,부전복개도로2,23,17,6,73.9,2026-05-04 01:05:00
2026-05-04 01:06:50,A45,적십자회관,31,0,31,0.0,2026-05-04 01:05:00
2026-05-04 01:06:50,A48,대연고가밑,46,1,45,2.2,2026-05-04 01:05:00
2026-05-04 01:06:50,A49,골드테마거리,16,1,15,6.2,2026-05-04 01:05:00
2026-05-04 01:06:50,A50,요트경기장 앞 2구역,68,25,43,36.8,2026-05-04 01:05:00
2026-05-04 01:06:50,A432,수안동주차빌딩,60,8,52,13.3,2026-05-04 01:05:00
2026-05-04 01:06:50,A433,구남역,122,53,69,43.4,2026-05-04 01:05:00
2026-05-04 01:06:50,A434,만덕2동사앞복개,73,38,35,52.1,2026-05-04 01:05:00
2026-05-04 02:13:18,A01,"반송1, 3동 공영",152,52,100,34.2,2026-05-04 02:10:00
2026-05-04 02:13:18,A02,삼락재첩거리,126,64,62,50.8,2026-05-04 02:10:00
2026-05-04 02:13:18,A03,수변어린이공원,149,51,98,34.2,2026-05-04 02:10:00
2026-05-04 02:13:18,A04,장산역 1번,87,94,-7,108.0,2026-05-04 02:10:00
2026-05-04 02:13:18,A05,장산역 2번,104,13,91,12.5,2026-05-04 02:10:00
2026-05-04 02:13:18,A06,좌1동,68,15,53,22.1,2026-05-04 02:10:00
2026-05-04 02:13:18,A07,노포역,390,112,278,28.7,2026-05-04 02:10:00
2026-05-04 02:13:18,A09,두산위브 뒤,45,26,19,57.8,2026-05-04 02:10:00
2026-05-04 02:13:18,A10,대우1차아파트 앞,76,2,74,2.6,2026-05-04 02:10:00
2026-05-04 02:13:18,A11,부산기계공고 후문,78,73,5,93.6,2026-05-04 02:10:00
2026-05-04 02:13:18,A12,해운대 센텀시티,83,83,0,100.0,2026-05-04 02:10:00
2026-05-04 02:13:18,A13,반여도서관 앞,312,182,130,58.3,2026-05-04 02:10:00
2026-05-04 02:13:18,A14,동대신동,24,21,3,87.5,2026-05-04 02:10:00
2026-05-04 02:13:18,A15,신선3동,84,33,51,39.3,2026-05-04 02:10:00
2026-05-04 02:13:18,A16,영선대로 지하 공영,122,41,81,33.6,2026-05-04 02:10:00
2026-05-04 02:13:18,A17,동백사거리,36,12,24,33.3,2026-05-04 02:10:00
2026-05-04 02:13:18,A18,중동이마트 옆,78,43,35,55.1,2026-05-04 02:10:00
2026-05-04 02:13:18,A19,부산대역(남측),224,20,204,8.9,2026-05-04 02:10:00
2026-05-04 02:13:18,A20,부산대역(북측),249,20,229,8.0,2026-05-04 02:10:00
2026-05-04 02:13:18,A21,화명역,37,18,19,48.6,2026-05-04 02:10:00
2026-05-04 02:13:18,A22,학장천 복개,270,170,100,63.0,2026-05-04 02:10:00
2026-05-04 02:13:18,A23,수변공원,102,48,54,47.1,2026-05-04 02:10:00
2026-05-04 02:13:18,A24,중동역,167,48,119,28.7,2026-05-04 02:10:00
2026-05-04 02:13:18,A25,미포공영,97,31,66,32.0,2026-05-04 02:10:00
2026-05-04 02:13:18,A26,온천장역(남측),247,84,163,34.0,2026-05-04 02:10:00
2026-05-04 02:13:18,A27,구서역,272,65,207,23.9,2026-05-04 02:10:00
2026-05-04 02:13:18,A28,중앙공원,101,59,42,58.4,2026-05-04 02:10:00
2026-05-04 02:13:18,A29,장전역,190,52,138,27.4,2026-05-04 02:10:00
2026-05-04 02:13:18,A30,사상역 광장,0,-90,90,0.0,2026-05-04 02:10:00
2026-05-04 02:13:18,A32,남산역,210,78,132,37.1,2026-05-04 02:10:00
2026-05-04 02:13:18,A33,하단역,151,53,98,35.1,2026-05-04 02:10:00
2026-05-04 02:13:18,A34,명륜역,185,91,94,49.2,2026-05-04 02:10:00
2026-05-04 02:13:18,A35,동래역,400,88,312,22.0,2026-05-04 02:10:00
2026-05-04 02:13:18,A36,해운대광장,164,91,73,55.5,2026-05-04 02:10:00
2026-05-04 02:13:18,A37,롯데 광복점 뒤(2),22,12,10,54.5,2026-05-04 02:10:00
2026-05-04 02:13:18,A40,반여2배수지,111,65,46,58.6,2026-05-04 02:10:00
2026-05-04 02:13:18,A41,요트경기장 앞 1구역,231,31,200,13.4,2026-05-04 02:10:00
2026-05-04 02:13:18,A42,삼락천로,124,40,84,32.3,2026-05-04 02:10:00
2026-05-04 02:13:18,A43,부전복개도로1,20,1,19,5.0,2026-05-04 02:10:00
2026-05-04 02:13:18,A44,부전복개도로2,23,17,6,73.9,2026-05-04 02:10:00
2026-05-04 02:13:18,A45,적십자회관,31,0,31,0.0,2026-05-04 02:10:00
2026-05-04 02:13:18,A48,대연고가밑,46,1,45,2.2,2026-05-04 02:10:00
2026-05-04 02:13:18,A49,골드테마거리,16,1,15,6.2,2026-05-04 02:10:00
2026-05-04 02:13:18,A50,요트경기장 앞 2구역,68,25,43,36.8,2026-05-04 02:10:00
2026-05-04 02:13:18,A432,수안동주차빌딩,60,8,52,13.3,2026-05-04 02:10:00
2026-05-04 02:13:18,A433,구남역,122,54,68,44.3,2026-05-04 02:10:00
2026-05-04 02:13:18,A434,만덕2동사앞복개,73,38,35,52.1,2026-05-04 02:10:00
2026-05-04 03:08:42,A01,"반송1, 3동 공영",152,123,29,80.9,2026-05-04 03:05:00
2026-05-04 03:08:42,A02,삼락재첩거리,126,63,63,50.0,2026-05-04 03:05:00
2026-05-04 03:08:42,A03,수변어린이공원,149,51,98,34.2,2026-05-04 03:05:00
2026-05-04 03:08:42,A04,장산역 1번,87,88,-1,101.1,2026-05-04 03:05:00
2026-05-04 03:08:42,A05,장산역 2번,104,13,91,12.5,2026-05-04 03:05:00
2026-05-04 03:08:42,A06,좌1동,68,16,52,23.5,2026-05-04 03:05:00
2026-05-04 03:08:42,A07,노포역,390,111,279,28.5,2026-05-04 03:05:00
2026-05-04 03:08:42,A09,두산위브 뒤,45,24,21,53.3,2026-05-04 03:05:00
2026-05-04 03:08:42,A10,대우1차아파트 앞,76,2,74,2.6,2026-05-04 03:05:00
2026-05-04 03:08:42,A11,부산기계공고 후문,78,73,5,93.6,2026-05-04 03:05:00
2026-05-04 03:08:42,A12,해운대 센텀시티,83,9,74,10.8,2026-05-04 03:05:00
2026-05-04 03:08:42,A13,반여도서관 앞,312,183,129,58.7,2026-05-04 03:05:00
2026-05-04 03:08:42,A14,동대신동,24,24,0,100.0,2026-05-04 03:05:00
2026-05-04 03:08:42,A15,신선3동,84,33,51,39.3,2026-05-04 03:05:00
2026-05-04 03:08:42,A16,영선대로 지하 공영,122,41,81,33.6,2026-05-04 03:05:00
2026-05-04 03:08:42,A17,동백사거리,36,12,24,33.3,2026-05-04 03:05:00
2026-05-04 03:08:42,A18,중동이마트 옆,78,44,34,56.4,2026-05-04 03:05:00
2026-05-04 03:08:42,A19,부산대역(남측),224,20,204,8.9,2026-05-04 03:05:00
2026-05-04 03:08:42,A20,부산대역(북측),249,20,229,8.0,2026-05-04 03:05:00
2026-05-04 03:08:42,A21,화명역,37,17,20,45.9,2026-05-04 03:05:00
2026-05-04 03:08:42,A22,학장천 복개,270,73,197,27.0,2026-05-04 03:05:00
2026-05-04 03:08:42,A23,수변공원,102,48,54,47.1,2026-05-04 03:05:00
2026-05-04 03:08:42,A24,중동역,167,49,118,29.3,2026-05-04 03:05:00
2026-05-04 03:08:42,A25,미포공영,97,31,66,32.0,2026-05-04 03:05:00
2026-05-04 03:08:42,A26,온천장역(남측),247,83,164,33.6,2026-05-04 03:05:00
2026-05-04 03:08:42,A27,구서역,272,66,206,24.3,2026-05-04 03:05:00
2026-05-04 03:08:42,A28,중앙공원,101,59,42,58.4,2026-05-04 03:05:00
2026-05-04 03:08:42,A29,장전역,190,52,138,27.4,2026-05-04 03:05:00
2026-05-04 03:08:42,A30,사상역 광장,0,-90,90,0.0,2026-05-04 03:05:00
2026-05-04 03:08:42,A32,남산역,210,96,114,45.7,2026-05-04 03:05:00
2026-05-04 03:08:42,A33,하단역,151,53,98,35.1,2026-05-04 03:05:00
2026-05-04 03:08:42,A34,명륜역,185,91,94,49.2,2026-05-04 03:05:00
2026-05-04 03:08:42,A35,동래역,400,77,323,19.2,2026-05-04 03:05:00
2026-05-04 03:08:42,A36,해운대광장,164,91,73,55.5,2026-05-04 03:05:00
2026-05-04 03:08:42,A37,롯데 광복점 뒤(2),22,12,10,54.5,2026-05-04 03:05:00
2026-05-04 03:08:42,A40,반여2배수지,111,65,46,58.6,2026-05-04 03:05:00
2026-05-04 03:08:42,A41,요트경기장 앞 1구역,231,31,200,13.4,2026-05-04 03:05:00
2026-05-04 03:08:42,A42,삼락천로,124,41,83,33.1,2026-05-04 03:05:00
2026-05-04 03:08:42,A43,부전복개도로1,20,1,19,5.0,2026-05-04 03:05:00
2026-05-04 03:08:42,A44,부전복개도로2,23,17,6,73.9,2026-05-04 03:05:00
2026-05-04 03:08:42,A45,적십자회관,31,0,31,0.0,2026-05-04 03:05:00
2026-05-04 03:08:42,A48,대연고가밑,46,1,45,2.2,2026-05-04 03:05:00
2026-05-04 03:08:42,A49,골드테마거리,16,1,15,6.2,2026-05-04 03:05:00
2026-05-04 03:08:42,A50,요트경기장 앞 2구역,68,25,43,36.8,2026-05-04 03:05:00
2026-05-04 03:08:42,A432,수안동주차빌딩,60,8,52,13.3,2026-05-04 03:05:00
2026-05-04 03:08:42,A433,구남역,122,56,66,45.9,2026-05-04 03:05:00
2026-05-04 03:08:42,A434,만덕2동사앞복개,73,38,35,52.1,2026-05-04 03:05:00
2026-05-04 08:38:23,A01,"반송1, 3동 공영",152,116,36,76.3,2026-05-04 08:35:00
2026-05-04 08:38:23,A02,삼락재첩거리,126,105,21,83.3,2026-05-04 08:35:00
2026-05-04 08:38:23,A03,수변어린이공원,149,77,72,51.7,2026-05-04 08:35:00
2026-05-04 08:38:23,A04,장산역 1번,87,87,0,100.0,2026-05-04 08:35:00
2026-05-04 08:38:23,A05,장산역 2번,104,27,77,26.0,2026-05-04 08:35:00
2026-05-04 08:38:23,A06,좌1동,68,17,51,25.0,2026-05-04 08:35:00
2026-05-04 08:38:23,A07,노포역,390,332,58,85.1,2026-05-04 08:35:00
2026-05-04 08:38:23,A09,두산위브 뒤,45,20,25,44.4,2026-05-04 08:35:00
2026-05-04 08:38:23,A10,대우1차아파트 앞,76,12,64,15.8,2026-05-04 08:35:00
2026-05-04 08:38:23,A11,부산기계공고 후문,78,73,5,93.6,2026-05-04 08:35:00
2026-05-04 08:38:23,A12,해운대 센텀시티,83,83,0,100.0,2026-05-04 08:35:00
2026-05-04 08:38:23,A13,반여도서관 앞,312,132,180,42.3,2026-05-04 08:35:00
2026-05-04 08:38:23,A14,동대신동,24,24,0,100.0,2026-05-04 08:35:00
2026-05-04 08:38:23,A15,신선3동,84,29,55,34.5,2026-05-04 08:35:00
2026-05-04 08:38:23,A16,영선대로 지하 공영,122,82,40,67.2,2026-05-04 08:35:00
2026-05-04 08:38:23,A17,동백사거리,36,12,24,33.3,2026-05-04 08:35:00
2026-05-04 08:38:23,A18,중동이마트 옆,78,76,2,97.4,2026-05-04 08:35:00
2026-05-04 08:38:23,A19,부산대역(남측),224,49,175,21.9,2026-05-04 08:35:00
2026-05-04 08:38:23,A20,부산대역(북측),249,56,193,22.5,2026-05-04 08:35:00
2026-05-04 08:38:23,A21,화명역,37,33,4,89.2,2026-05-04 08:35:00
2026-05-04 08:38:23,A22,학장천 복개,270,170,100,63.0,2026-05-04 08:35:00
2026-05-04 08:38:23,A23,수변공원,102,59,43,57.8,2026-05-04 08:35:00
2026-05-04 08:38:23,A24,중동역,167,64,103,38.3,2026-05-04 08:35:00
2026-05-04 08:38:23,A25,미포공영,97,31,66,32.0,2026-05-04 08:35:00
2026-05-04 08:38:23,A26,온천장역(남측),247,115,132,46.6,2026-05-04 08:35:00
2026-05-04 08:38:23,A27,구서역,272,116,156,42.6,2026-05-04 08:35:00
2026-05-04 08:38:23,A28,중앙공원,101,58,43,57.4,2026-05-04 08:35:00
2026-05-04 08:38:23,A29,장전역,190,79,111,41.6,2026-05-04 08:35:00
2026-05-04 08:38:23,A30,사상역 광장,0,-90,90,0.0,2026-05-04 08:35:00
2026-05-04 08:38:23,A32,남산역,210,96,114,45.7,2026-05-04 08:35:00
2026-05-04 08:38:23,A33,하단역,151,102,49,67.5,2026-05-04 08:35:00
2026-05-04 08:38:23,A34,명륜역,185,97,88,52.4,2026-05-04 08:35:00
2026-05-04 08:38:23,A35,동래역,400,151,249,37.8,2026-05-04 08:35:00
2026-05-04 08:38:23,A36,해운대광장,164,114,50,69.5,2026-05-04 08:35:00
2026-05-04 08:38:23,A37,롯데 광복점 뒤(2),22,7,15,31.8,2026-05-04 08:35:00
2026-05-04 08:38:23,A40,반여2배수지,111,52,59,46.8,2026-05-04 08:35:00
2026-05-04 08:38:23,A41,요트경기장 앞 1구역,231,50,181,21.6,2026-05-04 08:35:00
2026-05-04 08:38:23,A42,삼락천로,124,84,40,67.7,2026-05-04 08:35:00
2026-05-04 08:38:23,A43,부전복개도로1,20,1,19,5.0,2026-05-04 08:35:00
2026-05-04 08:38:23,A44,부전복개도로2,23,17,6,73.9,2026-05-04 08:35:00
2026-05-04 08:38:23,A45,적십자회관,31,0,31,0.0,2026-05-04 08:35:00
2026-05-04 08:38:23,A48,대연고가밑,46,9,37,19.6,2026-05-04 08:35:00
2026-05-04 08:38:23,A49,골드테마거리,16,1,15,6.2,2026-05-04 08:35:00
2026-05-04 08:38:23,A50,요트경기장 앞 2구역,68,29,39,42.6,2026-05-04 08:35:00
2026-05-04 08:38:23,A432,수안동주차빌딩,60,36,24,60.0,2026-05-04 08:35:00
2026-05-04 08:38:23,A433,구남역,122,50,72,41.0,2026-05-04 08:35:00
2026-05-04 08:38:23,A434,만덕2동사앞복개,73,40,33,54.8,2026-05-04 08:35:00
2026-05-04 10:53:35,A01,"반송1, 3동 공영",152,52,100,34.2,2026-05-04 10:50:00
2026-05-04 10:53:35,A02,삼락재첩거리,126,110,16,87.3,2026-05-04 10:50:00
2026-05-04 10:53:35,A03,수변어린이공원,149,101,48,67.8,2026-05-04 10:50:00
2026-05-04 10:53:35,A04,장산역 1번,87,62,25,71.3,2026-05-04 10:50:00
2026-05-04 10:53:35,A05,장산역 2번,104,78,26,75.0,2026-05-04 10:50:00
2026-05-04 10:53:35,A06,좌1동,68,44,24,64.7,2026-05-04 10:50:00
2026-05-04 10:53:35,A07,노포역,390,390,0,100.0,2026-05-04 10:50:00
2026-05-04 10:53:35,A09,두산위브 뒤,45,27,18,60.0,2026-05-04 10:50:00
2026-05-04 10:53:35,A10,대우1차아파트 앞,76,2,74,2.6,2026-05-04 10:50:00
2026-05-04 10:53:35,A11,부산기계공고 후문,78,73,5,93.6,2026-05-04 10:50:00
2026-05-04 10:53:35,A12,해운대 센텀시티,83,82,1,98.8,2026-05-04 10:50:00
2026-05-04 10:53:35,A13,반여도서관 앞,312,212,100,67.9,2026-05-04 10:50:00
2026-05-04 10:53:35,A14,동대신동,24,22,2,91.7,2026-05-04 10:50:00
2026-05-04 10:53:35,A15,신선3동,84,58,26,69.0,2026-05-04 10:50:00
2026-05-04 10:53:35,A16,영선대로 지하 공영,122,120,2,98.4,2026-05-04 10:50:00
2026-05-04 10:53:35,A17,동백사거리,36,31,5,86.1,2026-05-04 10:50:00
2026-05-04 10:53:35,A18,중동이마트 옆,78,78,0,100.0,2026-05-04 10:50:00
2026-05-04 10:53:35,A19,부산대역(남측),224,130,94,58.0,2026-05-04 10:50:00
2026-05-04 10:53:35,A20,부산대역(북측),249,130,119,52.2,2026-05-04 10:50:00
2026-05-04 10:53:35,A21,화명역,37,37,0,100.0,2026-05-04 10:50:00
2026-05-04 10:53:35,A22,학장천 복개,270,170,100,63.0,2026-05-04 10:50:00
2026-05-04 10:53:35,A23,수변공원,102,82,20,80.4,2026-05-04 10:50:00
2026-05-04 10:53:35,A24,중동역,167,88,79,52.7,2026-05-04 10:50:00
2026-05-04 10:53:35,A25,미포공영,97,60,37,61.9,2026-05-04 10:50:00
2026-05-04 10:53:35,A26,온천장역(남측),247,174,73,70.4,2026-05-04 10:50:00
2026-05-04 10:53:35,A27,구서역,272,180,92,66.2,2026-05-04 10:50:00
2026-05-04 10:53:35,A28,중앙공원,101,59,42,58.4,2026-05-04 10:50:00
2026-05-04 10:53:35,A29,장전역,190,116,74,61.1,2026-05-04 10:50:00
2026-05-04 10:53:35,A30,사상역 광장,0,-90,90,0.0,2026-05-04 10:50:00
2026-05-04 10:53:35,A32,남산역,210,120,90,57.1,2026-05-04 10:50:00
2026-05-04 10:53:35,A33,하단역,151,151,0,100.0,2026-05-04 10:50:00
2026-05-04 10:53:35,A34,명륜역,185,91,94,49.2,2026-05-04 10:50:00
2026-05-04 10:53:35,A35,동래역,400,208,192,52.0,2026-05-04 10:50:00
2026-05-04 10:53:35,A36,해운대광장,164,164,0,100.0,2026-05-04 10:50:00
2026-05-04 10:53:35,A37,롯데 광복점 뒤(2),22,8,14,36.4,2026-05-04 10:50:00
2026-05-04 10:53:35,A40,반여2배수지,111,50,61,45.0,2026-05-04 10:50:00
2026-05-04 10:53:35,A41,요트경기장 앞 1구역,231,43,188,18.6,2026-05-04 10:50:00
2026-05-04 10:53:35,A42,삼락천로,124,86,38,69.4,2026-05-04 10:50:00
2026-05-04 10:53:35,A43,부전복개도로1,20,17,3,85.0,2026-05-04 10:50:00
2026-05-04 10:53:35,A44,부전복개도로2,23,16,7,69.6,2026-05-04 10:50:00
2026-05-04 10:53:35,A45,적십자회관,31,0,31,0.0,2026-05-04 10:50:00
2026-05-04 10:53:35,A48,대연고가밑,46,12,34,26.1,2026-05-04 10:50:00
2026-05-04 10:53:35,A49,골드테마거리,16,14,2,87.5,2026-05-04 10:50:00
2026-05-04 10:53:35,A50,요트경기장 앞 2구역,68,31,37,45.6,2026-05-04 10:50:00
2026-05-04 10:53:35,A432,수안동주차빌딩,60,57,3,95.0,2026-05-04 10:50:00
2026-05-04 10:53:35,A433,구남역,122,48,74,39.3,2026-05-04 10:50:00
2026-05-04 10:53:35,A434,만덕2동사앞복개,73,62,11,84.9,2026-05-04 10:50:00
2026-05-04 14:36:41,A01,"반송1, 3동 공영",152,52,100,34.2,2026-05-04 14:35:00
2026-05-04 14:36:41,A02,삼락재첩거리,126,99,27,78.6,2026-05-04 14:35:00
2026-05-04 14:36:41,A03,수변어린이공원,149,142,7,95.3,2026-05-04 14:35:00
2026-05-04 14:36:41,A04,장산역 1번,87,62,25,71.3,2026-05-04 14:35:00
2026-05-04 14:36:41,A05,장산역 2번,104,86,18,82.7,2026-05-04 14:35:00
2026-05-04 14:36:41,A06,좌1동,68,53,15,77.9,2026-05-04 14:35:00
2026-05-04 14:36:41,A07,노포역,390,386,4,99.0,2026-05-04 14:35:00
2026-05-04 14:36:41,A09,두산위브 뒤,45,21,24,46.7,2026-05-04 14:35:00
2026-05-04 14:36:41,A10,대우1차아파트 앞,76,2,74,2.6,2026-05-04 14:35:00
2026-05-04 14:36:41,A11,부산기계공고 후문,78,73,5,93.6,2026-05-04 14:35:00
2026-05-04 14:36:41,A12,해운대 센텀시티,83,76,7,91.6,2026-05-04 14:35:00
2026-05-04 14:36:41,A13,반여도서관 앞,312,212,100,67.9,2026-05-04 14:35:00
2026-05-04 14:36:41,A14,동대신동,24,24,0,100.0,2026-05-04 14:35:00
2026-05-04 14:36:41,A15,신선3동,84,81,3,96.4,2026-05-04 14:35:00
2026-05-04 14:36:41,A16,영선대로 지하 공영,122,117,5,95.9,2026-05-04 14:35:00
2026-05-04 14:36:41,A17,동백사거리,36,34,2,94.4,2026-05-04 14:35:00
2026-05-04 14:36:41,A18,중동이마트 옆,78,78,0,100.0,2026-05-04 14:35:00
2026-05-04 14:36:41,A19,부산대역(남측),224,194,30,86.6,2026-05-04 14:35:00
2026-05-04 14:36:41,A20,부산대역(북측),249,197,52,79.1,2026-05-04 14:35:00
2026-05-04 14:36:41,A21,화명역,37,33,4,89.2,2026-05-04 14:35:00
2026-05-04 14:36:41,A22,학장천 복개,270,203,67,75.2,2026-05-04 14:35:00
2026-05-04 14:36:41,A23,수변공원,102,94,8,92.2,2026-05-04 14:35:00
2026-05-04 14:36:41,A24,중동역,167,81,86,48.5,2026-05-04 14:35:00
2026-05-04 14:36:41,A25,미포공영,97,88,9,90.7,2026-05-04 14:35:00
2026-05-04 14:36:41,A26,온천장역(남측),247,190,57,76.9,2026-05-04 14:35:00
2026-05-04 14:36:41,A27,구서역,272,195,77,71.7,2026-05-04 14:35:00
2026-05-04 14:36:41,A28,중앙공원,101,68,33,67.3,2026-05-04 14:35:00
2026-05-04 14:36:41,A29,장전역,190,130,60,68.4,2026-05-04 14:35:00
2026-05-04 14:36:41,A30,사상역 광장,0,-90,90,0.0,2026-05-04 14:35:00
2026-05-04 14:36:41,A32,남산역,210,122,88,58.1,2026-05-04 14:35:00
2026-05-04 14:36:41,A33,하단역,151,146,5,96.7,2026-05-04 14:35:00
2026-05-04 14:36:41,A34,명륜역,185,119,66,64.3,2026-05-04 14:35:00
2026-05-04 14:36:41,A35,동래역,400,256,144,64.0,2026-05-04 14:35:00
2026-05-04 14:36:41,A36,해운대광장,164,164,0,100.0,2026-05-04 14:35:00
2026-05-04 14:36:41,A37,롯데 광복점 뒤(2),22,16,6,72.7,2026-05-04 14:35:00
2026-05-04 14:36:41,A40,반여2배수지,111,49,62,44.1,2026-05-04 14:35:00
2026-05-04 14:36:41,A41,요트경기장 앞 1구역,231,43,188,18.6,2026-05-04 14:35:00
2026-05-04 14:36:41,A42,삼락천로,124,84,40,67.7,2026-05-04 14:35:00
2026-05-04 14:36:41,A43,부전복개도로1,20,16,4,80.0,2026-05-04 14:35:00
2026-05-04 14:36:41,A44,부전복개도로2,23,16,7,69.6,2026-05-04 14:35:00
2026-05-04 14:36:41,A45,적십자회관,31,0,31,0.0,2026-05-04 14:35:00
2026-05-04 14:36:41,A48,대연고가밑,46,14,32,30.4,2026-05-04 14:35:00
2026-05-04 14:36:41,A49,골드테마거리,16,16,0,100.0,2026-05-04 14:35:00
2026-05-04 14:36:41,A50,요트경기장 앞 2구역,68,42,26,61.8,2026-05-04 14:35:00
2026-05-04 14:36:41,A432,수안동주차빌딩,60,49,11,81.7,2026-05-04 14:35:00
2026-05-04 14:36:41,A433,구남역,122,50,72,41.0,2026-05-04 14:35:00
2026-05-04 14:36:41,A434,만덕2동사앞복개,73,59,14,80.8,2026-05-04 14:35:00
2026-05-04 15:19:41,A01,"반송1, 3동 공영",152,52,100,34.2,2026-05-04 15:15:00
2026-05-04 15:19:41,A02,삼락재첩거리,126,96,30,76.2,2026-05-04 15:15:00
2026-05-04 15:19:41,A03,수변어린이공원,149,141,8,94.6,2026-05-04 15:15:00
2026-05-04 15:19:41,A04,장산역 1번,87,64,23,73.6,2026-05-04 15:15:00
2026-05-04 15:19:41,A05,장산역 2번,104,71,33,68.3,2026-05-04 15:15:00
2026-05-04 15:19:41,A06,좌1동,68,54,14,79.4,2026-05-04 15:15:00
2026-05-04 15:19:41,A07,노포역,390,387,3,99.2,2026-05-04 15:15:00
2026-05-04 15:19:41,A09,두산위브 뒤,45,21,24,46.7,2026-05-04 15:15:00
2026-05-04 15:19:41,A10,대우1차아파트 앞,76,2,74,2.6,2026-05-04 15:15:00
2026-05-04 15:19:41,A11,부산기계공고 후문,78,73,5,93.6,2026-05-04 15:15:00
2026-05-04 15:19:41,A12,해운대 센텀시티,83,72,11,86.7,2026-05-04 15:15:00
2026-05-04 15:19:41,A13,반여도서관 앞,312,125,187,40.1,2026-05-04 15:15:00
2026-05-04 15:19:41,A14,동대신동,24,24,0,100.0,2026-05-04 15:15:00
2026-05-04 15:19:41,A15,신선3동,84,84,0,100.0,2026-05-04 15:15:00
2026-05-04 15:19:41,A16,영선대로 지하 공영,122,118,4,96.7,2026-05-04 15:15:00
2026-05-04 15:19:41,A17,동백사거리,36,37,-1,102.8,2026-05-04 15:15:00
2026-05-04 15:19:41,A18,중동이마트 옆,78,79,-1,101.3,2026-05-04 15:15:00
2026-05-04 15:19:41,A19,부산대역(남측),224,187,37,83.5,2026-05-04 15:15:00
2026-05-04 15:19:41,A20,부산대역(북측),249,183,66,73.5,2026-05-04 15:15:00
2026-05-04 15:19:41,A21,화명역,37,33,4,89.2,2026-05-04 15:15:00
2026-05-04 15:19:41,A22,학장천 복개,270,213,57,78.9,2026-05-04 15:15:00
2026-05-04 15:19:41,A23,수변공원,102,89,13,87.3,2026-05-04 15:15:00
2026-05-04 15:19:41,A24,중동역,167,77,90,46.1,2026-05-04 15:15:00
2026-05-04 15:19:41,A25,미포공영,97,83,14,85.6,2026-05-04 15:15:00
2026-05-04 15:19:41,A26,온천장역(남측),247,173,74,70.0,2026-05-04 15:15:00
2026-05-04 15:19:41,A27,구서역,272,178,94,65.4,2026-05-04 15:15:00
2026-05-04 15:19:41,A28,중앙공원,101,65,36,64.4,2026-05-04 15:15:00
2026-05-04 15:19:41,A29,장전역,190,127,63,66.8,2026-05-04 15:15:00
2026-05-04 15:19:41,A30,사상역 광장,0,-90,90,0.0,2026-05-04 15:15:00
2026-05-04 15:19:41,A32,남산역,210,96,114,45.7,2026-05-04 15:15:00
2026-05-04 15:19:41,A33,하단역,151,147,4,97.4,2026-05-04 15:15:00
2026-05-04 15:19:41,A34,명륜역,185,120,65,64.9,2026-05-04 15:15:00
2026-05-04 15:19:41,A35,동래역,400,254,146,63.5,2026-05-04 15:15:00
2026-05-04 15:19:41,A36,해운대광장,164,164,0,100.0,2026-05-04 15:15:00
2026-05-04 15:19:41,A37,롯데 광복점 뒤(2),22,8,14,36.4,2026-05-04 15:15:00
2026-05-04 15:19:41,A40,반여2배수지,111,50,61,45.0,2026-05-04 15:15:00
2026-05-04 15:19:41,A41,요트경기장 앞 1구역,231,43,188,18.6,2026-05-04 15:15:00
2026-05-04 15:19:41,A42,삼락천로,124,86,38,69.4,2026-05-04 15:15:00
2026-05-04 15:19:41,A43,부전복개도로1,20,11,9,55.0,2026-05-04 15:15:00
2026-05-04 15:19:41,A44,부전복개도로2,23,15,8,65.2,2026-05-04 15:15:00
2026-05-04 15:19:41,A45,적십자회관,31,0,31,0.0,2026-05-04 15:15:00
2026-05-04 15:19:41,A48,대연고가밑,46,14,32,30.4,2026-05-04 15:15:00
2026-05-04 15:19:41,A49,골드테마거리,16,15,1,93.8,2026-05-04 15:15:00
2026-05-04 15:19:41,A50,요트경기장 앞 2구역,68,40,28,58.8,2026-05-04 15:15:00
2026-05-04 15:19:41,A432,수안동주차빌딩,60,46,14,76.7,2026-05-04 15:15:00
2026-05-04 15:19:41,A433,구남역,122,50,72,41.0,2026-05-04 15:15:00
2026-05-04 15:19:41,A434,만덕2동사앞복개,73,58,15,79.5,2026-05-04 15:15:00
2026-05-04 17:09:08,A01,"반송1, 3동 공영",152,52,100,34.2,2026-05-04 17:05:00
2026-05-04 17:09:08,A02,삼락재첩거리,126,86,40,68.3,2026-05-04 17:05:00
2026-05-04 17:09:08,A03,수변어린이공원,149,118,31,79.2,2026-05-04 17:05:00
2026-05-04 17:09:08,A04,장산역 1번,87,58,29,66.7,2026-05-04 17:05:00
2026-05-04 17:09:08,A05,장산역 2번,104,74,30,71.2,2026-05-04 17:05:00
2026-05-04 17:09:08,A06,좌1동,68,55,13,80.9,2026-05-04 17:05:00
2026-05-04 17:09:08,A07,노포역,390,360,30,92.3,2026-05-04 17:05:00
2026-05-04 17:09:08,A09,두산위브 뒤,45,23,22,51.1,2026-05-04 17:05:00
2026-05-04 17:09:08,A10,대우1차아파트 앞,76,2,74,2.6,2026-05-04 17:05:00
2026-05-04 17:09:08,A11,부산기계공고 후문,78,73,5,93.6,2026-05-04 17:05:00
2026-05-04 17:09:08,A12,해운대 센텀시티,83,83,0,100.0,2026-05-04 17:05:00
2026-05-04 17:09:08,A13,반여도서관 앞,312,212,100,67.9,2026-05-04 17:05:00
2026-05-04 17:09:08,A14,동대신동,24,24,0,100.0,2026-05-04 17:05:00
2026-05-04 17:09:08,A15,신선3동,84,66,18,78.6,2026-05-04 17:05:00
2026-05-04 17:09:08,A16,영선대로 지하 공영,122,99,23,81.1,2026-05-04 17:05:00
2026-05-04 17:09:08,A17,동백사거리,36,35,1,97.2,2026-05-04 17:05:00
2026-05-04 17:09:08,A18,중동이마트 옆,78,73,5,93.6,2026-05-04 17:05:00
2026-05-04 17:09:08,A19,부산대역(남측),224,155,69,69.2,2026-05-04 17:05:00
2026-05-04 17:09:08,A20,부산대역(북측),249,171,78,68.7,2026-05-04 17:05:00
2026-05-04 17:09:08,A21,화명역,37,33,4,89.2,2026-05-04 17:05:00
2026-05-04 17:09:08,A22,학장천 복개,270,187,83,69.3,2026-05-04 17:05:00
2026-05-04 17:09:08,A23,수변공원,102,101,1,99.0,2026-05-04 17:05:00
2026-05-04 17:09:08,A24,중동역,167,84,83,50.3,2026-05-04 17:05:00
2026-05-04 17:09:08,A25,미포공영,97,72,25,74.2,2026-05-04 17:05:00
2026-05-04 17:09:08,A26,온천장역(남측),247,164,83,66.4,2026-05-04 17:05:00
2026-05-04 17:09:08,A27,구서역,272,166,106,61.0,2026-05-04 17:05:00
2026-05-04 17:09:08,A28,중앙공원,101,67,34,66.3,2026-05-04 17:05:00
2026-05-04 17:09:08,A29,장전역,190,121,69,63.7,2026-05-04 17:05:00
2026-05-04 17:09:08,A30,사상역 광장,0,-90,90,0.0,2026-05-04 17:05:00
2026-05-04 17:09:08,A32,남산역,210,96,114,45.7,2026-05-04 17:05:00
2026-05-04 17:09:08,A33,하단역,151,139,12,92.1,2026-05-04 17:05:00
2026-05-04 17:09:08,A34,명륜역,185,125,60,67.6,2026-05-04 17:05:00
2026-05-04 17:09:08,A35,동래역,400,234,166,58.5,2026-05-04 17:05:00
2026-05-04 17:09:08,A36,해운대광장,164,161,3,98.2,2026-05-04 17:05:00
2026-05-04 17:09:08,A37,롯데 광복점 뒤(2),22,8,14,36.4,2026-05-04 17:05:00
2026-05-04 17:09:08,A40,반여2배수지,111,53,58,47.7,2026-05-04 17:05:00
2026-05-04 17:09:08,A41,요트경기장 앞 1구역,231,76,155,32.9,2026-05-04 17:05:00
2026-05-04 17:09:08,A42,삼락천로,124,71,53,57.3,2026-05-04 17:05:00
2026-05-04 17:09:08,A43,부전복개도로1,20,11,9,55.0,2026-05-04 17:05:00
2026-05-04 17:09:08,A44,부전복개도로2,23,15,8,65.2,2026-05-04 17:05:00
2026-05-04 17:09:08,A45,적십자회관,31,0,31,0.0,2026-05-04 17:05:00
2026-05-04 17:09:08,A48,대연고가밑,46,13,33,28.3,2026-05-04 17:05:00
2026-05-04 17:09:08,A49,골드테마거리,16,15,1,93.8,2026-05-04 17:05:00
2026-05-04 17:09:08,A50,요트경기장 앞 2구역,68,57,11,83.8,2026-05-04 17:05:00
2026-05-04 17:09:08,A432,수안동주차빌딩,60,45,15,75.0,2026-05-04 17:05:00
2026-05-04 17:09:08,A433,구남역,122,58,64,47.5,2026-05-04 17:05:00
2026-05-04 17:09:08,A434,만덕2동사앞복개,73,58,15,79.5,2026-05-04 17:05:00
2026-05-04 19:25:45,A01,"반송1, 3동 공영",152,118,34,77.6,2026-05-04 19:25:00
2026-05-04 19:25:45,A02,삼락재첩거리,126,57,69,45.2,2026-05-04 19:25:00
2026-05-04 19:25:45,A03,수변어린이공원,149,140,9,94.0,2026-05-04 19:25:00
2026-05-04 19:25:45,A04,장산역 1번,87,87,0,100.0,2026-05-04 19:25:00
2026-05-04 19:25:45,A05,장산역 2번,104,89,15,85.6,2026-05-04 19:25:00
2026-05-04 19:25:45,A06,좌1동,68,66,2,97.1,2026-05-04 19:25:00
2026-05-04 19:25:45,A07,노포역,390,232,158,59.5,2026-05-04 19:25:00
2026-05-04 19:25:45,A09,두산위브 뒤,45,18,27,40.0,2026-05-04 19:25:00
2026-05-04 19:25:45,A10,대우1차아파트 앞,76,2,74,2.6,2026-05-04 19:25:00
2026-05-04 19:25:45,A11,부산기계공고 후문,78,73,5,93.6,2026-05-04 19:25:00
2026-05-04 19:25:45,A12,해운대 센텀시티,83,83,0,100.0,2026-05-04 19:25:00
2026-05-04 19:25:45,A13,반여도서관 앞,312,212,100,67.9,2026-05-04 19:25:00
2026-05-04 19:25:45,A14,동대신동,24,24,0,100.0,2026-05-04 19:25:00
2026-05-04 19:25:45,A15,신선3동,84,46,38,54.8,2026-05-04 19:25:00
2026-05-04 19:25:45,A16,영선대로 지하 공영,122,77,45,63.1,2026-05-04 19:25:00
2026-05-04 19:25:45,A17,동백사거리,36,27,9,75.0,2026-05-04 19:25:00
2026-05-04 19:25:45,A18,중동이마트 옆,78,76,2,97.4,2026-05-04 19:25:00
2026-05-04 19:25:45,A19,부산대역(남측),224,172,52,76.8,2026-05-04 19:25:00
2026-05-04 19:25:45,A20,부산대역(북측),249,188,61,75.5,2026-05-04 19:25:00
2026-05-04 19:25:45,A21,화명역,37,36,1,97.3,2026-05-04 19:25:00
2026-05-04 19:25:45,A22,학장천 복개,270,170,100,63.0,2026-05-04 19:25:00
2026-05-04 19:25:45,A23,수변공원,102,101,1,99.0,2026-05-04 19:25:00
2026-05-04 19:25:45,A24,중동역,167,82,85,49.1,2026-05-04 19:25:00
2026-05-04 19:25:45,A25,미포공영,97,67,30,69.1,2026-05-04 19:25:00
2026-05-04 19:25:45,A26,온천장역(남측),247,132,115,53.4,2026-05-04 19:25:00
2026-05-04 19:25:45,A27,구서역,272,219,53,80.5,2026-05-04 19:25:00
2026-05-04 19:25:45,A28,중앙공원,101,54,47,53.5,2026-05-04 19:25:00
2026-05-04 19:25:45,A29,장전역,190,82,108,43.2,2026-05-04 19:25:00
2026-05-04 19:25:45,A30,사상역 광장,0,-90,90,0.0,2026-05-04 19:25:00
2026-05-04 19:25:45,A32,남산역,210,91,119,43.3,2026-05-04 19:25:00
2026-05-04 19:25:45,A33,하단역,151,117,34,77.5,2026-05-04 19:25:00
2026-05-04 19:25:45,A34,명륜역,185,91,94,49.2,2026-05-04 19:25:00
2026-05-04 19:25:45,A35,동래역,400,352,48,88.0,2026-05-04 19:25:00
2026-05-04 19:25:45,A36,해운대광장,164,164,0,100.0,2026-05-04 19:25:00
2026-05-04 19:25:45,A37,롯데 광복점 뒤(2),22,2,20,9.1,2026-05-04 19:25:00
2026-05-04 19:25:45,A40,반여2배수지,111,54,57,48.6,2026-05-04 19:25:00
2026-05-04 19:25:45,A41,요트경기장 앞 1구역,231,73,158,31.6,2026-05-04 19:25:00
2026-05-04 19:25:45,A42,삼락천로,124,41,83,33.1,2026-05-04 19:25:00
2026-05-04 19:25:45,A43,부전복개도로1,20,1,19,5.0,2026-05-04 19:25:00
2026-05-04 19:25:45,A44,부전복개도로2,23,6,17,26.1,2026-05-04 19:25:00
2026-05-04 19:25:45,A45,적십자회관,31,0,31,0.0,2026-05-04 19:25:00
2026-05-04 19:25:45,A48,대연고가밑,46,2,44,4.3,2026-05-04 19:25:00
2026-05-04 19:25:45,A49,골드테마거리,16,2,14,12.5,2026-05-04 19:25:00
2026-05-04 19:25:45,A50,요트경기장 앞 2구역,68,57,11,83.8,2026-05-04 19:25:00
2026-05-04 19:25:45,A432,수안동주차빌딩,60,23,37,38.3,2026-05-04 19:25:00
2026-05-04 19:25:45,A433,구남역,122,51,71,41.8,2026-05-04 19:25:00
2026-05-04 19:25:45,A434,만덕2동사앞복개,73,51,22,69.9,2026-05-04 19:25:00
2026-05-04 21:10:51,A01,"반송1, 3동 공영",152,124,28,81.6,2026-05-04 21:10:00
2026-05-04 21:10:51,A02,삼락재첩거리,126,50,76,39.7,2026-05-04 21:10:00
2026-05-04 21:10:51,A03,수변어린이공원,149,143,6,96.0,2026-05-04 21:10:00
2026-05-04 21:10:51,A04,장산역 1번,87,80,7,92.0,2026-05-04 21:10:00
2026-05-04 21:10:51,A05,장산역 2번,104,64,40,61.5,2026-05-04 21:10:00
2026-05-04 21:10:51,A06,좌1동,68,58,10,85.3,2026-05-04 21:10:00
2026-05-04 21:10:51,A07,노포역,390,191,199,49.0,2026-05-04 21:10:00
2026-05-04 21:10:51,A09,두산위브 뒤,45,21,24,46.7,2026-05-04 21:10:00
2026-05-04 21:10:51,A10,대우1차아파트 앞,76,2,74,2.6,2026-05-04 21:10:00
2026-05-04 21:10:51,A11,부산기계공고 후문,78,47,31,60.3,2026-05-04 21:10:00
2026-05-04 21:10:51,A12,해운대 센텀시티,83,83,0,100.0,2026-05-04 21:10:00
2026-05-04 21:10:51,A13,반여도서관 앞,312,175,137,56.1,2026-05-04 21:10:00
2026-05-04 21:10:51,A14,동대신동,24,24,0,100.0,2026-05-04 21:10:00
2026-05-04 21:10:51,A15,신선3동,84,34,50,40.5,2026-05-04 21:10:00
2026-05-04 21:10:51,A16,영선대로 지하 공영,122,50,72,41.0,2026-05-04 21:10:00
2026-05-04 21:10:51,A17,동백사거리,36,14,22,38.9,2026-05-04 21:10:00
2026-05-04 21:10:51,A18,중동이마트 옆,78,66,12,84.6,2026-05-04 21:10:00
2026-05-04 21:10:51,A19,부산대역(남측),224,131,93,58.5,2026-05-04 21:10:00
2026-05-04 21:10:51,A20,부산대역(북측),249,141,108,56.6,2026-05-04 21:10:00
2026-05-04 21:10:51,A21,화명역,37,33,4,89.2,2026-05-04 21:10:00
2026-05-04 21:10:51,A22,학장천 복개,270,170,100,63.0,2026-05-04 21:10:00
2026-05-04 21:10:51,A23,수변공원,102,101,1,99.0,2026-05-04 21:10:00
2026-05-04 21:10:51,A24,중동역,167,55,112,32.9,2026-05-04 21:10:00
2026-05-04 21:10:51,A25,미포공영,97,41,56,42.3,2026-05-04 21:10:00
2026-05-04 21:10:51,A26,온천장역(남측),247,118,129,47.8,2026-05-04 21:10:00
2026-05-04 21:10:51,A27,구서역,272,186,86,68.4,2026-05-04 21:10:00
2026-05-04 21:10:51,A28,중앙공원,101,48,53,47.5,2026-05-04 21:10:00
2026-05-04 21:10:51,A29,장전역,190,72,118,37.9,2026-05-04 21:10:00
2026-05-04 21:10:51,A30,사상역 광장,0,-90,90,0.0,2026-05-04 21:10:00
2026-05-04 21:10:51,A32,남산역,210,86,124,41.0,2026-05-04 21:10:00
2026-05-04 21:10:51,A33,하단역,151,81,70,53.6,2026-05-04 21:10:00
2026-05-04 21:10:51,A34,명륜역,185,108,77,58.4,2026-05-04 21:10:00
2026-05-04 21:10:51,A35,동래역,400,358,42,89.5,2026-05-04 21:10:00
2026-05-04 21:10:51,A36,해운대광장,164,164,0,100.0,2026-05-04 21:10:00
2026-05-04 21:10:51,A37,롯데 광복점 뒤(2),22,2,20,9.1,2026-05-04 21:10:00
2026-05-04 21:10:51,A40,반여2배수지,111,56,55,50.5,2026-05-04 21:10:00
2026-05-04 21:10:51,A41,요트경기장 앞 1구역,231,67,164,29.0,2026-05-04 21:10:00
2026-05-04 21:10:51,A42,삼락천로,124,37,87,29.8,2026-05-04 21:10:00
2026-05-04 21:10:51,A43,부전복개도로1,20,1,19,5.0,2026-05-04 21:10:00
2026-05-04 21:10:51,A44,부전복개도로2,23,6,17,26.1,2026-05-04 21:10:00
2026-05-04 21:10:51,A45,적십자회관,31,0,31,0.0,2026-05-04 21:10:00
2026-05-04 21:10:51,A48,대연고가밑,46,2,44,4.3,2026-05-04 21:10:00
2026-05-04 21:10:51,A49,골드테마거리,16,2,14,12.5,2026-05-04 21:10:00
2026-05-04 21:10:51,A50,요트경기장 앞 2구역,68,48,20,70.6,2026-05-04 21:10:00
2026-05-04 21:10:51,A432,수안동주차빌딩,60,12,48,20.0,2026-05-04 21:10:00
2026-05-04 21:10:51,A433,구남역,122,55,67,45.1,2026-05-04 21:10:00
2026-05-04 21:10:51,A434,만덕2동사앞복개,73,48,25,65.8,2026-05-04 21:10:00
2026-05-04 23:31:53,A01,"반송1, 3동 공영",152,125,27,82.2,2026-05-04 23:30:00
2026-05-04 23:31:53,A02,삼락재첩거리,126,52,74,41.3,2026-05-04 23:30:00
2026-05-04 23:31:53,A03,수변어린이공원,149,56,93,37.6,2026-05-04 23:30:00
2026-05-04 23:31:53,A04,장산역 1번,87,55,32,63.2,2026-05-04 23:30:00
2026-05-04 23:31:53,A05,장산역 2번,104,42,62,40.4,2026-05-04 23:30:00
2026-05-04 23:31:53,A06,좌1동,68,44,24,64.7,2026-05-04 23:30:00
2026-05-04 23:31:53,A07,노포역,390,122,268,31.3,2026-05-04 23:30:00
2026-05-04 23:31:53,A09,두산위브 뒤,45,21,24,46.7,2026-05-04 23:30:00
2026-05-04 23:31:53,A10,대우1차아파트 앞,76,0,76,0.0,2026-05-04 23:30:00
2026-05-04 23:31:53,A11,부산기계공고 후문,78,73,5,93.6,2026-05-04 23:30:00
2026-05-04 23:31:53,A12,해운대 센텀시티,83,83,0,100.0,2026-05-04 23:30:00
2026-05-04 23:31:53,A13,반여도서관 앞,312,166,146,53.2,2026-05-04 23:30:00
2026-05-04 23:31:53,A14,동대신동,24,24,0,100.0,2026-05-04 23:30:00
2026-05-04 23:31:53,A15,신선3동,84,36,48,42.9,2026-05-04 23:30:00
2026-05-04 23:31:53,A16,영선대로 지하 공영,122,41,81,33.6,2026-05-04 23:30:00
2026-05-04 23:31:53,A17,동백사거리,36,13,23,36.1,2026-05-04 23:30:00
2026-05-04 23:31:53,A18,중동이마트 옆,78,38,40,48.7,2026-05-04 23:30:00
2026-05-04 23:31:53,A19,부산대역(남측),224,51,173,22.8,2026-05-04 23:30:00
2026-05-04 23:31:53,A20,부산대역(북측),249,57,192,22.9,2026-05-04 23:30:00
2026-05-04 23:31:53,A21,화명역,37,26,11,70.3,2026-05-04 23:30:00
2026-05-04 23:31:53,A22,학장천 복개,270,170,100,63.0,2026-05-04 23:30:00
2026-05-04 23:31:53,A23,수변공원,102,63,39,61.8,2026-05-04 23:30:00
2026-05-04 23:31:53,A24,중동역,167,49,118,29.3,2026-05-04 23:30:00
2026-05-04 23:31:53,A25,미포공영,97,33,64,34.0,2026-05-04 23:30:00
2026-05-04 23:31:53,A26,온천장역(남측),247,96,151,38.9,2026-05-04 23:30:00
2026-05-04 23:31:53,A27,구서역,272,124,148,45.6,2026-05-04 23:30:00
2026-05-04 23:31:53,A28,중앙공원,101,49,52,48.5,2026-05-04 23:30:00
2026-05-04 23:31:53,A29,장전역,190,59,131,31.1,2026-05-04 23:30:00
2026-05-04 23:31:53,A30,사상역 광장,0,-90,90,0.0,2026-05-04 23:30:00
2026-05-04 23:31:53,A32,남산역,210,96,114,45.7,2026-05-04 23:30:00
2026-05-04 23:31:53,A33,하단역,151,63,88,41.7,2026-05-04 23:30:00
2026-05-04 23:31:53,A34,명륜역,185,106,79,57.3,2026-05-04 23:30:00
2026-05-04 23:31:53,A35,동래역,400,235,165,58.8,2026-05-04 23:30:00
2026-05-04 23:31:53,A36,해운대광장,164,144,20,87.8,2026-05-04 23:30:00
2026-05-04 23:31:53,A37,롯데 광복점 뒤(2),22,2,20,9.1,2026-05-04 23:30:00
2026-05-04 23:31:53,A40,반여2배수지,111,57,54,51.4,2026-05-04 23:30:00
2026-05-04 23:31:53,A41,요트경기장 앞 1구역,231,34,197,14.7,2026-05-04 23:30:00
2026-05-04 23:31:53,A42,삼락천로,124,36,88,29.0,2026-05-04 23:30:00
2026-05-04 23:31:53,A43,부전복개도로1,20,1,19,5.0,2026-05-04 23:30:00
2026-05-04 23:31:53,A44,부전복개도로2,23,6,17,26.1,2026-05-04 23:30:00
2026-05-04 23:31:53,A45,적십자회관,31,0,31,0.0,2026-05-04 23:30:00
2026-05-04 23:31:53,A48,대연고가밑,46,2,44,4.3,2026-05-04 23:30:00
2026-05-04 23:31:53,A49,골드테마거리,16,2,14,12.5,2026-05-04 23:30:00
2026-05-04 23:31:53,A50,요트경기장 앞 2구역,68,14,54,20.6,2026-05-04 23:30:00
2026-05-04 23:31:53,A432,수안동주차빌딩,60,10,50,16.7,2026-05-04 23:30:00
2026-05-04 23:31:53,A433,구남역,122,53,69,43.4,2026-05-04 23:30:00
2026-05-04 23:31:53,A434,만덕2동사앞복개,73,34,39,46.6,2026-05-04 23:30:00
2026-05-05 01:23:01,A01,"반송1, 3동 공영",152,52,100,34.2,2026-05-05 01:20:00
2026-05-05 01:23:01,A02,삼락재첩거리,126,53,73,42.1,2026-05-05 01:20:00
2026-05-05 01:23:01,A03,수변어린이공원,149,47,102,31.5,2026-05-05 01:20:00
2026-05-05 01:23:01,A04,장산역 1번,87,37,50,42.5,2026-05-05 01:20:00
2026-05-05 01:23:01,A05,장산역 2번,104,27,77,26.0,2026-05-05 01:20:00
2026-05-05 01:23:01,A06,좌1동,68,27,41,39.7,2026-05-05 01:20:00
2026-05-05 01:23:01,A07,노포역,390,111,279,28.5,2026-05-05 01:20:00
2026-05-05 01:23:01,A09,두산위브 뒤,45,21,24,46.7,2026-05-05 01:20:00
2026-05-05 01:23:01,A10,대우1차아파트 앞,76,-1,77,-1.3,2026-05-05 01:20:00
2026-05-05 01:23:01,A11,부산기계공고 후문,78,44,34,56.4,2026-05-05 01:20:00
2026-05-05 01:23:01,A12,해운대 센텀시티,83,83,0,100.0,2026-05-05 01:20:00
2026-05-05 01:23:01,A13,반여도서관 앞,312,212,100,67.9,2026-05-05 01:20:00
2026-05-05 01:23:01,A14,동대신동,24,24,0,100.0,2026-05-05 01:20:00
2026-05-05 01:23:01,A15,신선3동,84,37,47,44.0,2026-05-05 01:20:00
2026-05-05 01:23:01,A16,영선대로 지하 공영,122,35,87,28.7,2026-05-05 01:20:00
2026-05-05 01:23:01,A17,동백사거리,36,13,23,36.1,2026-05-05 01:20:00
2026-05-05 01:23:01,A18,중동이마트 옆,78,34,44,43.6,2026-05-05 01:20:00
2026-05-05 01:23:01,A19,부산대역(남측),224,31,193,13.8,2026-05-05 01:20:00
2026-05-05 01:23:01,A20,부산대역(북측),249,41,208,16.5,2026-05-05 01:20:00
2026-05-05 01:23:01,A21,화명역,37,22,15,59.5,2026-05-05 01:20:00
2026-05-05 01:23:01,A22,학장천 복개,270,170,100,63.0,2026-05-05 01:20:00
2026-05-05 01:23:01,A23,수변공원,102,45,57,44.1,2026-05-05 01:20:00
2026-05-05 01:23:01,A24,중동역,167,45,122,26.9,2026-05-05 01:20:00
2026-05-05 01:23:01,A25,미포공영,97,29,68,29.9,2026-05-05 01:20:00
2026-05-05 01:23:01,A26,온천장역(남측),247,85,162,34.4,2026-05-05 01:20:00
2026-05-05 01:23:01,A27,구서역,272,90,182,33.1,2026-05-05 01:20:00
2026-05-05 01:23:01,A28,중앙공원,101,51,50,50.5,2026-05-05 01:20:00
2026-05-05 01:23:01,A29,장전역,190,54,136,28.4,2026-05-05 01:20:00
2026-05-05 01:23:01,A30,사상역 광장,0,-90,90,0.0,2026-05-05 01:20:00
2026-05-05 01:23:01,A32,남산역,210,79,131,37.6,2026-05-05 01:20:00
2026-05-05 01:23:01,A33,하단역,151,57,94,37.7,2026-05-05 01:20:00
2026-05-05 01:23:01,A34,명륜역,185,103,82,55.7,2026-05-05 01:20:00
2026-05-05 01:23:01,A35,동래역,400,134,266,33.5,2026-05-05 01:20:00
2026-05-05 01:23:01,A36,해운대광장,164,113,51,68.9,2026-05-05 01:20:00
2026-05-05 01:23:01,A37,롯데 광복점 뒤(2),22,2,20,9.1,2026-05-05 01:20:00
2026-05-05 01:23:01,A40,반여2배수지,111,57,54,51.4,2026-05-05 01:20:00
2026-05-05 01:23:01,A41,요트경기장 앞 1구역,231,32,199,13.9,2026-05-05 01:20:00
2026-05-05 01:23:01,A42,삼락천로,124,36,88,29.0,2026-05-05 01:20:00
2026-05-05 01:23:01,A43,부전복개도로1,20,1,19,5.0,2026-05-05 01:20:00
2026-05-05 01:23:01,A44,부전복개도로2,23,6,17,26.1,2026-05-05 01:20:00
2026-05-05 01:23:01,A45,적십자회관,31,0,31,0.0,2026-05-05 01:20:00
2026-05-05 01:23:01,A48,대연고가밑,46,2,44,4.3,2026-05-05 01:20:00
2026-05-05 01:23:01,A49,골드테마거리,16,2,14,12.5,2026-05-05 01:20:00
2026-05-05 01:23:01,A50,요트경기장 앞 2구역,68,13,55,19.1,2026-05-05 01:20:00
2026-05-05 01:23:01,A432,수안동주차빌딩,60,10,50,16.7,2026-05-05 01:20:00
2026-05-05 01:23:01,A433,구남역,122,54,68,44.3,2026-05-05 01:20:00
2026-05-05 01:23:01,A434,만덕2동사앞복개,73,32,41,43.8,2026-05-05 01:20:00
2026-05-05 03:01:29,A01,"반송1, 3동 공영",152,52,100,34.2,2026-05-05 03:00:00
2026-05-05 03:01:29,A02,삼락재첩거리,126,52,74,41.3,2026-05-05 03:00:00
2026-05-05 03:01:29,A03,수변어린이공원,149,46,103,30.9,2026-05-05 03:00:00
2026-05-05 03:01:29,A04,장산역 1번,87,18,69,20.7,2026-05-05 03:00:00
2026-05-05 03:01:29,A05,장산역 2번,104,19,85,18.3,2026-05-05 03:00:00
2026-05-05 03:01:29,A06,좌1동,68,22,46,32.4,2026-05-05 03:00:00
2026-05-05 03:01:29,A07,노포역,390,105,285,26.9,2026-05-05 03:00:00
2026-05-05 03:01:29,A09,두산위브 뒤,45,21,24,46.7,2026-05-05 03:00:00
2026-05-05 03:01:29,A10,대우1차아파트 앞,76,-2,78,-2.6,2026-05-05 03:00:00
2026-05-05 03:01:29,A11,부산기계공고 후문,78,73,5,93.6,2026-05-05 03:00:00
2026-05-05 03:01:29,A12,해운대 센텀시티,83,83,0,100.0,2026-05-05 03:00:00
2026-05-05 03:01:29,A13,반여도서관 앞,312,212,100,67.9,2026-05-05 03:00:00
2026-05-05 03:01:29,A14,동대신동,24,24,0,100.0,2026-05-05 03:00:00
2026-05-05 03:01:29,A15,신선3동,84,37,47,44.0,2026-05-05 03:00:00
2026-05-05 03:01:29,A16,영선대로 지하 공영,122,36,86,29.5,2026-05-05 03:00:00
2026-05-05 03:01:29,A17,동백사거리,36,13,23,36.1,2026-05-05 03:00:00
2026-05-05 03:01:29,A18,중동이마트 옆,78,38,40,48.7,2026-05-05 03:00:00
2026-05-05 03:01:29,A19,부산대역(남측),224,28,196,12.5,2026-05-05 03:00:00
2026-05-05 03:01:29,A20,부산대역(북측),249,33,216,13.3,2026-05-05 03:00:00
2026-05-05 03:01:29,A21,화명역,37,21,16,56.8,2026-05-05 03:00:00
2026-05-05 03:01:29,A22,학장천 복개,270,170,100,63.0,2026-05-05 03:00:00
2026-05-05 03:01:29,A23,수변공원,102,38,64,37.3,2026-05-05 03:00:00
2026-05-05 03:01:29,A24,중동역,167,46,121,27.5,2026-05-05 03:00:00
2026-05-05 03:01:29,A25,미포공영,97,28,69,28.9,2026-05-05 03:00:00
2026-05-05 03:01:29,A26,온천장역(남측),247,81,166,32.8,2026-05-05 03:00:00
2026-05-05 03:01:29,A27,구서역,272,80,192,29.4,2026-05-05 03:00:00
2026-05-05 03:01:29,A28,중앙공원,101,51,50,50.5,2026-05-05 03:00:00
2026-05-05 03:01:29,A29,장전역,190,51,139,26.8,2026-05-05 03:00:00
2026-05-05 03:01:29,A30,사상역 광장,0,-90,90,0.0,2026-05-05 03:00:00
2026-05-05 03:01:29,A32,남산역,210,81,129,38.6,2026-05-05 03:00:00
2026-05-05 03:01:29,A33,하단역,151,52,99,34.4,2026-05-05 03:00:00
2026-05-05 03:01:29,A34,명륜역,185,99,86,53.5,2026-05-05 03:00:00
2026-05-05 03:01:29,A35,동래역,400,83,317,20.8,2026-05-05 03:00:00
2026-05-05 03:01:29,A36,해운대광장,164,107,57,65.2,2026-05-05 03:00:00
2026-05-05 03:01:29,A37,롯데 광복점 뒤(2),22,2,20,9.1,2026-05-05 03:00:00
2026-05-05 03:01:29,A40,반여2배수지,111,57,54,51.4,2026-05-05 03:00:00
2026-05-05 03:01:29,A41,요트경기장 앞 1구역,231,32,199,13.9,2026-05-05 03:00:00
2026-05-05 03:01:29,A42,삼락천로,124,38,86,30.6,2026-05-05 03:00:00
2026-05-05 03:01:29,A43,부전복개도로1,20,1,19,5.0,2026-05-05 03:00:00
2026-05-05 03:01:29,A44,부전복개도로2,23,6,17,26.1,2026-05-05 03:00:00
2026-05-05 03:01:29,A45,적십자회관,31,0,31,0.0,2026-05-05 03:00:00
2026-05-05 03:01:29,A48,대연고가밑,46,2,44,4.3,2026-05-05 03:00:00
2026-05-05 03:01:29,A49,골드테마거리,16,2,14,12.5,2026-05-05 03:00:00
2026-05-05 03:01:29,A50,요트경기장 앞 2구역,68,13,55,19.1,2026-05-05 03:00:00
2026-05-05 03:01:29,A432,수안동주차빌딩,60,10,50,16.7,2026-05-05 03:00:00
2026-05-05 03:01:29,A433,구남역,122,55,67,45.1,2026-05-05 03:00:00
2026-05-05 03:01:29,A434,만덕2동사앞복개,73,33,40,45.2,2026-05-05 03:00:00
2026-05-05 04:56:03,A01,"반송1, 3동 공영",152,123,29,80.9,2026-05-05 04:55:00
2026-05-05 04:56:03,A02,삼락재첩거리,126,52,74,41.3,2026-05-05 04:55:00
2026-05-05 04:56:03,A03,수변어린이공원,149,46,103,30.9,2026-05-05 04:55:00
2026-05-05 04:56:03,A04,장산역 1번,87,14,73,16.1,2026-05-05 04:55:00
2026-05-05 04:56:03,A05,장산역 2번,104,18,86,17.3,2026-05-05 04:55:00
2026-05-05 04:56:03,A06,좌1동,68,20,48,29.4,2026-05-05 04:55:00
2026-05-05 04:56:03,A07,노포역,390,106,284,27.2,2026-05-05 04:55:00
2026-05-05 04:56:03,A09,두산위브 뒤,45,22,23,48.9,2026-05-05 04:55:00
2026-05-05 04:56:03,A10,대우1차아파트 앞,76,-2,78,-2.6,2026-05-05 04:55:00
2026-05-05 04:56:03,A11,부산기계공고 후문,78,73,5,93.6,2026-05-05 04:55:00
2026-05-05 04:56:03,A12,해운대 센텀시티,83,83,0,100.0,2026-05-05 04:55:00
2026-05-05 04:56:03,A13,반여도서관 앞,312,212,100,67.9,2026-05-05 04:55:00
2026-05-05 04:56:03,A14,동대신동,24,24,0,100.0,2026-05-05 04:55:00
2026-05-05 04:56:03,A15,신선3동,84,38,46,45.2,2026-05-05 04:55:00
2026-05-05 04:56:03,A16,영선대로 지하 공영,122,34,88,27.9,2026-05-05 04:55:00
2026-05-05 04:56:03,A17,동백사거리,36,12,24,33.3,2026-05-05 04:55:00
2026-05-05 04:56:03,A18,중동이마트 옆,78,38,40,48.7,2026-05-05 04:55:00
2026-05-05 04:56:03,A19,부산대역(남측),224,26,198,11.6,2026-05-05 04:55:00
2026-05-05 04:56:03,A20,부산대역(북측),249,31,218,12.4,2026-05-05 04:55:00
2026-05-05 04:56:03,A21,화명역,37,33,4,89.2,2026-05-05 04:55:00
2026-05-05 04:56:03,A22,학장천 복개,270,170,100,63.0,2026-05-05 04:55:00
2026-05-05 04:56:03,A23,수변공원,102,37,65,36.3,2026-05-05 04:55:00
2026-05-05 04:56:03,A24,중동역,167,45,122,26.9,2026-05-05 04:55:00
2026-05-05 04:56:03,A25,미포공영,97,28,69,28.9,2026-05-05 04:55:00
2026-05-05 04:56:03,A26,온천장역(남측),247,82,165,33.2,2026-05-05 04:55:00
2026-05-05 04:56:03,A27,구서역,272,78,194,28.7,2026-05-05 04:55:00
2026-05-05 04:56:03,A28,중앙공원,101,51,50,50.5,2026-05-05 04:55:00
2026-05-05 04:56:03,A29,장전역,190,51,139,26.8,2026-05-05 04:55:00
2026-05-05 04:56:03,A30,사상역 광장,0,-90,90,0.0,2026-05-05 04:55:00
2026-05-05 04:56:03,A32,남산역,210,96,114,45.7,2026-05-05 04:55:00
2026-05-05 04:56:03,A33,하단역,151,52,99,34.4,2026-05-05 04:55:00
2026-05-05 04:56:03,A34,명륜역,185,101,84,54.6,2026-05-05 04:55:00
2026-05-05 04:56:03,A35,동래역,400,67,333,16.8,2026-05-05 04:55:00
2026-05-05 04:56:03,A36,해운대광장,164,106,58,64.6,2026-05-05 04:55:00
2026-05-05 04:56:03,A37,롯데 광복점 뒤(2),22,2,20,9.1,2026-05-05 04:55:00
2026-05-05 04:56:03,A40,반여2배수지,111,56,55,50.5,2026-05-05 04:55:00
2026-05-05 04:56:03,A41,요트경기장 앞 1구역,231,43,188,18.6,2026-05-05 04:55:00
2026-05-05 04:56:03,A42,삼락천로,124,38,86,30.6,2026-05-05 04:55:00
2026-05-05 04:56:03,A43,부전복개도로1,20,1,19,5.0,2026-05-05 04:55:00
2026-05-05 04:56:03,A44,부전복개도로2,23,6,17,26.1,2026-05-05 04:55:00
2026-05-05 04:56:03,A45,적십자회관,31,0,31,0.0,2026-05-05 04:55:00
2026-05-05 04:56:03,A48,대연고가밑,46,2,44,4.3,2026-05-05 04:55:00
2026-05-05 04:56:03,A49,골드테마거리,16,2,14,12.5,2026-05-05 04:55:00
2026-05-05 04:56:03,A50,요트경기장 앞 2구역,68,13,55,19.1,2026-05-05 04:55:00
2026-05-05 04:56:03,A432,수안동주차빌딩,60,10,50,16.7,2026-05-05 04:55:00
2026-05-05 04:56:03,A433,구남역,122,58,64,47.5,2026-05-05 04:55:00
2026-05-05 04:56:03,A434,만덕2동사앞복개,73,32,41,43.8,2026-05-05 04:55:00
2026-05-05 06:11:57,A01,"반송1, 3동 공영",152,52,100,34.2,2026-05-05 06:10:00
2026-05-05 06:11:57,A02,삼락재첩거리,126,57,69,45.2,2026-05-05 06:10:00
2026-05-05 06:11:57,A03,수변어린이공원,149,50,99,33.6,2026-05-05 06:10:00
2026-05-05 06:11:57,A04,장산역 1번,87,13,74,14.9,2026-05-05 06:10:00
2026-05-05 06:11:57,A05,장산역 2번,104,15,89,14.4,2026-05-05 06:10:00
2026-05-05 06:11:57,A06,좌1동,68,18,50,26.5,2026-05-05 06:10:00
2026-05-05 06:11:57,A07,노포역,390,115,275,29.5,2026-05-05 06:10:00
2026-05-05 06:11:57,A09,두산위브 뒤,45,23,22,51.1,2026-05-05 06:10:00
2026-05-05 06:11:57,A10,대우1차아파트 앞,76,-3,79,-3.9,2026-05-05 06:10:00
2026-05-05 06:11:57,A11,부산기계공고 후문,78,47,31,60.3,2026-05-05 06:10:00
2026-05-05 06:11:57,A12,해운대 센텀시티,83,8,75,9.6,2026-05-05 06:10:00
2026-05-05 06:11:57,A13,반여도서관 앞,312,212,100,67.9,2026-05-05 06:10:00
2026-05-05 06:11:57,A14,동대신동,24,24,0,100.0,2026-05-05 06:10:00
2026-05-05 06:11:57,A15,신선3동,84,35,49,41.7,2026-05-05 06:10:00
2026-05-05 06:11:57,A16,영선대로 지하 공영,122,30,92,24.6,2026-05-05 06:10:00
2026-05-05 06:11:57,A17,동백사거리,36,13,23,36.1,2026-05-05 06:10:00
2026-05-05 06:11:57,A18,중동이마트 옆,78,42,36,53.8,2026-05-05 06:10:00
2026-05-05 06:11:57,A19,부산대역(남측),224,23,201,10.3,2026-05-05 06:10:00
2026-05-05 06:11:57,A20,부산대역(북측),249,31,218,12.4,2026-05-05 06:10:00
2026-05-05 06:11:57,A21,화명역,37,18,19,48.6,2026-05-05 06:10:00
2026-05-05 06:11:57,A22,학장천 복개,270,170,100,63.0,2026-05-05 06:10:00
2026-05-05 06:11:57,A23,수변공원,102,36,66,35.3,2026-05-05 06:10:00
2026-05-05 06:11:57,A24,중동역,167,45,122,26.9,2026-05-05 06:10:00
2026-05-05 06:11:57,A25,미포공영,97,31,66,32.0,2026-05-05 06:10:00
2026-05-05 06:11:57,A26,온천장역(남측),247,81,166,32.8,2026-05-05 06:10:00
2026-05-05 06:11:57,A27,구서역,272,77,195,28.3,2026-05-05 06:10:00
2026-05-05 06:11:57,A28,중앙공원,101,51,50,50.5,2026-05-05 06:10:00
2026-05-05 06:11:57,A29,장전역,190,51,139,26.8,2026-05-05 06:10:00
2026-05-05 06:11:57,A30,사상역 광장,0,-90,90,0.0,2026-05-05 06:10:00
2026-05-05 06:11:57,A32,남산역,210,83,127,39.5,2026-05-05 06:10:00
2026-05-05 06:11:57,A33,하단역,151,50,101,33.1,2026-05-05 06:10:00
2026-05-05 06:11:57,A34,명륜역,185,101,84,54.6,2026-05-05 06:10:00
2026-05-05 06:11:57,A35,동래역,400,80,320,20.0,2026-05-05 06:10:00
2026-05-05 06:11:57,A36,해운대광장,164,113,51,68.9,2026-05-05 06:10:00
2026-05-05 06:11:57,A37,롯데 광복점 뒤(2),22,2,20,9.1,2026-05-05 06:10:00
2026-05-05 06:11:57,A40,반여2배수지,111,52,59,46.8,2026-05-05 06:10:00
2026-05-05 06:11:57,A41,요트경기장 앞 1구역,231,56,175,24.2,2026-05-05 06:10:00
2026-05-05 06:11:57,A42,삼락천로,124,43,81,34.7,2026-05-05 06:10:00
2026-05-05 06:11:57,A43,부전복개도로1,20,1,19,5.0,2026-05-05 06:10:00
2026-05-05 06:11:57,A44,부전복개도로2,23,6,17,26.1,2026-05-05 06:10:00
2026-05-05 06:11:57,A45,적십자회관,31,0,31,0.0,2026-05-05 06:10:00
2026-05-05 06:11:57,A48,대연고가밑,46,2,44,4.3,2026-05-05 06:10:00
2026-05-05 06:11:57,A49,골드테마거리,16,2,14,12.5,2026-05-05 06:10:00
2026-05-05 06:11:57,A50,요트경기장 앞 2구역,68,14,54,20.6,2026-05-05 06:10:00
2026-05-05 06:11:57,A432,수안동주차빌딩,60,10,50,16.7,2026-05-05 06:10:00
2026-05-05 06:11:57,A433,구남역,122,56,66,45.9,2026-05-05 06:10:00
2026-05-05 06:11:57,A434,만덕2동사앞복개,73,32,41,43.8,2026-05-05 06:10:00
2026-05-05 07:15:58,A01,"반송1, 3동 공영",152,122,30,80.3,2026-05-05 07:15:00
2026-05-05 07:15:58,A02,삼락재첩거리,126,55,71,43.7,2026-05-05 07:15:00
2026-05-05 07:15:58,A03,수변어린이공원,149,61,88,40.9,2026-05-05 07:15:00
2026-05-05 07:15:58,A04,장산역 1번,87,25,62,28.7,2026-05-05 07:15:00
2026-05-05 07:15:58,A05,장산역 2번,104,16,88,15.4,2026-05-05 07:15:00
2026-05-05 07:15:58,A06,좌1동,68,17,51,25.0,2026-05-05 07:15:00
2026-05-05 07:15:58,A07,노포역,390,155,235,39.7,2026-05-05 07:15:00
2026-05-05 07:15:58,A09,두산위브 뒤,45,22,23,48.9,2026-05-05 07:15:00
2026-05-05 07:15:58,A10,대우1차아파트 앞,76,-3,79,-3.9,2026-05-05 07:15:00
2026-05-05 07:15:58,A11,부산기계공고 후문,78,73,5,93.6,2026-05-05 07:15:00
2026-05-05 07:15:58,A12,해운대 센텀시티,83,6,77,7.2,2026-05-05 07:15:00
2026-05-05 07:15:58,A13,반여도서관 앞,312,212,100,67.9,2026-05-05 07:15:00
2026-05-05 07:15:58,A14,동대신동,24,24,0,100.0,2026-05-05 07:15:00
2026-05-05 07:15:58,A15,신선3동,84,35,49,41.7,2026-05-05 07:15:00
2026-05-05 07:15:58,A16,영선대로 지하 공영,122,37,85,30.3,2026-05-05 07:15:00
2026-05-05 07:15:58,A17,동백사거리,36,13,23,36.1,2026-05-05 07:15:00
2026-05-05 07:15:58,A18,중동이마트 옆,78,44,34,56.4,2026-05-05 07:15:00
2026-05-05 07:15:58,A19,부산대역(남측),224,22,202,9.8,2026-05-05 07:15:00
2026-05-05 07:15:58,A20,부산대역(북측),249,31,218,12.4,2026-05-05 07:15:00
2026-05-05 07:15:58,A21,화명역,37,19,18,51.4,2026-05-05 07:15:00
2026-05-05 07:15:58,A22,학장천 복개,270,85,185,31.5,2026-05-05 07:15:00
2026-05-05 07:15:58,A23,수변공원,102,52,50,51.0,2026-05-05 07:15:00
2026-05-05 07:15:58,A24,중동역,167,44,123,26.3,2026-05-05 07:15:00
2026-05-05 07:15:58,A25,미포공영,97,35,62,36.1,2026-05-05 07:15:00
2026-05-05 07:15:58,A26,온천장역(남측),247,86,161,34.8,2026-05-05 07:15:00
2026-05-05 07:15:58,A27,구서역,272,81,191,29.8,2026-05-05 07:15:00
2026-05-05 07:15:58,A28,중앙공원,101,51,50,50.5,2026-05-05 07:15:00
2026-05-05 07:15:58,A29,장전역,190,49,141,25.8,2026-05-05 07:15:00
2026-05-05 07:15:58,A30,사상역 광장,0,-90,90,0.0,2026-05-05 07:15:00
2026-05-05 07:15:58,A32,남산역,210,96,114,45.7,2026-05-05 07:15:00
2026-05-05 07:15:58,A33,하단역,151,50,101,33.1,2026-05-05 07:15:00
2026-05-05 07:15:58,A34,명륜역,185,99,86,53.5,2026-05-05 07:15:00
2026-05-05 07:15:58,A35,동래역,400,108,292,27.0,2026-05-05 07:15:00
2026-05-05 07:15:58,A36,해운대광장,164,116,48,70.7,2026-05-05 07:15:00
2026-05-05 07:15:58,A37,롯데 광복점 뒤(2),22,2,20,9.1,2026-05-05 07:15:00
2026-05-05 07:15:58,A40,반여2배수지,111,49,62,44.1,2026-05-05 07:15:00
2026-05-05 07:15:58,A41,요트경기장 앞 1구역,231,48,183,20.8,2026-05-05 07:15:00
2026-05-05 07:15:58,A42,삼락천로,124,47,77,37.9,2026-05-05 07:15:00
2026-05-05 07:15:58,A43,부전복개도로1,20,1,19,5.0,2026-05-05 07:15:00
2026-05-05 07:15:58,A44,부전복개도로2,23,6,17,26.1,2026-05-05 07:15:00
2026-05-05 07:15:58,A45,적십자회관,31,0,31,0.0,2026-05-05 07:15:00
2026-05-05 07:15:58,A48,대연고가밑,46,2,44,4.3,2026-05-05 07:15:00
2026-05-05 07:15:58,A49,골드테마거리,16,2,14,12.5,2026-05-05 07:15:00
2026-05-05 07:15:58,A50,요트경기장 앞 2구역,68,23,45,33.8,2026-05-05 07:15:00
2026-05-05 07:15:58,A432,수안동주차빌딩,60,10,50,16.7,2026-05-05 07:15:00
2026-05-05 07:15:58,A433,구남역,122,55,67,45.1,2026-05-05 07:15:00
2026-05-05 07:15:58,A434,만덕2동사앞복개,73,34,39,46.6,2026-05-05 07:15:00
2026-05-05 08:27:52,A01,"반송1, 3동 공영",152,122,30,80.3,2026-05-05 08:25:01
2026-05-05 08:27:52,A02,삼락재첩거리,126,55,71,43.7,2026-05-05 08:25:01
2026-05-05 08:27:52,A03,수변어린이공원,149,69,80,46.3,2026-05-05 08:25:01
2026-05-05 08:27:52,A04,장산역 1번,87,21,66,24.1,2026-05-05 08:25:01
2026-05-05 08:27:52,A05,장산역 2번,104,17,87,16.3,2026-05-05 08:25:01
2026-05-05 08:27:52,A06,좌1동,68,19,49,27.9,2026-05-05 08:25:01
2026-05-05 08:27:52,A07,노포역,390,173,217,44.4,2026-05-05 08:25:01
2026-05-05 08:27:52,A09,두산위브 뒤,45,22,23,48.9,2026-05-05 08:25:01
2026-05-05 08:27:52,A10,대우1차아파트 앞,76,2,74,2.6,2026-05-05 08:25:01
2026-05-05 08:27:52,A11,부산기계공고 후문,78,73,5,93.6,2026-05-05 08:25:01
2026-05-05 08:27:52,A12,해운대 센텀시티,83,8,75,9.6,2026-05-05 08:25:01
2026-05-05 08:27:52,A13,반여도서관 앞,312,212,100,67.9,2026-05-05 08:25:01
2026-05-05 08:27:52,A14,동대신동,24,24,0,100.0,2026-05-05 08:25:01
2026-05-05 08:27:52,A15,신선3동,84,37,47,44.0,2026-05-05 08:25:01
2026-05-05 08:27:52,A16,영선대로 지하 공영,122,44,78,36.1,2026-05-05 08:25:01
2026-05-05 08:27:52,A17,동백사거리,36,15,21,41.7,2026-05-05 08:25:01
2026-05-05 08:27:52,A18,중동이마트 옆,78,49,29,62.8,2026-05-05 08:25:01
2026-05-05 08:27:52,A19,부산대역(남측),224,27,197,12.1,2026-05-05 08:25:01
2026-05-05 08:27:52,A20,부산대역(북측),249,36,213,14.5,2026-05-05 08:25:01
2026-05-05 08:27:52,A21,화명역,37,33,4,89.2,2026-05-05 08:25:01
2026-05-05 08:27:52,A22,학장천 복개,270,86,184,31.9,2026-05-05 08:25:01
2026-05-05 08:27:52,A23,수변공원,102,49,53,48.0,2026-05-05 08:25:01
2026-05-05 08:27:52,A24,중동역,167,46,121,27.5,2026-05-05 08:25:01
2026-05-05 08:27:52,A25,미포공영,97,46,51,47.4,2026-05-05 08:25:01
2026-05-05 08:27:52,A26,온천장역(남측),247,110,137,44.5,2026-05-05 08:25:01
2026-05-05 08:27:52,A27,구서역,272,79,193,29.0,2026-05-05 08:25:01
2026-05-05 08:27:52,A28,중앙공원,101,58,43,57.4,2026-05-05 08:25:01
2026-05-05 08:27:52,A29,장전역,190,51,139,26.8,2026-05-05 08:25:01
2026-05-05 08:27:52,A30,사상역 광장,0,-90,90,0.0,2026-05-05 08:25:01
2026-05-05 08:27:52,A32,남산역,210,96,114,45.7,2026-05-05 08:25:01
2026-05-05 08:27:52,A33,하단역,151,59,92,39.1,2026-05-05 08:25:01
2026-05-05 08:27:52,A34,명륜역,185,102,83,55.1,2026-05-05 08:25:01
2026-05-05 08:27:52,A35,동래역,400,138,262,34.5,2026-05-05 08:25:01
2026-05-05 08:27:52,A36,해운대광장,164,142,22,86.6,2026-05-05 08:25:01
2026-05-05 08:27:52,A37,롯데 광복점 뒤(2),22,2,20,9.1,2026-05-05 08:25:01
2026-05-05 08:27:52,A40,반여2배수지,111,46,65,41.4,2026-05-05 08:25:01
2026-05-05 08:27:52,A41,요트경기장 앞 1구역,231,42,189,18.2,2026-05-05 08:25:01
2026-05-05 08:27:52,A42,삼락천로,124,48,76,38.7,2026-05-05 08:25:01
2026-05-05 08:27:52,A43,부전복개도로1,20,1,19,5.0,2026-05-05 08:25:01
2026-05-05 08:27:52,A44,부전복개도로2,23,6,17,26.1,2026-05-05 08:25:01
2026-05-05 08:27:52,A45,적십자회관,31,0,31,0.0,2026-05-05 08:25:01
2026-05-05 08:27:52,A48,대연고가밑,46,6,40,13.0,2026-05-05 08:25:01
2026-05-05 08:27:52,A49,골드테마거리,16,5,11,31.2,2026-05-05 08:25:01
2026-05-05 08:27:52,A50,요트경기장 앞 2구역,68,24,44,35.3,2026-05-05 08:25:01
2026-05-05 08:27:52,A432,수안동주차빌딩,60,10,50,16.7,2026-05-05 08:25:01
2026-05-05 08:27:52,A433,구남역,122,56,66,45.9,2026-05-05 08:25:01
2026-05-05 08:27:52,A434,만덕2동사앞복개,73,33,40,45.2,2026-05-05 08:25:01
2026-05-05 10:12:44,A01,"반송1, 3동 공영",152,52,100,34.2,2026-05-05 10:10:00
2026-05-05 10:12:44,A02,삼락재첩거리,126,53,73,42.1,2026-05-05 10:10:00
2026-05-05 10:12:44,A03,수변어린이공원,149,63,86,42.3,2026-05-05 10:10:00
2026-05-05 10:12:44,A04,장산역 1번,87,31,56,35.6,2026-05-05 10:10:00
2026-05-05 10:12:44,A05,장산역 2번,104,30,74,28.8,2026-05-05 10:10:00
2026-05-05 10:12:44,A06,좌1동,68,27,41,39.7,2026-05-05 10:10:00
2026-05-05 10:12:44,A07,노포역,390,223,167,57.2,2026-05-05 10:10:00
2026-05-05 10:12:44,A09,두산위브 뒤,45,26,19,57.8,2026-05-05 10:10:00
2026-05-05 10:12:44,A10,대우1차아파트 앞,76,13,63,17.1,2026-05-05 10:10:00
2026-05-05 10:12:44,A11,부산기계공고 후문,78,73,5,93.6,2026-05-05 10:10:00
2026-05-05 10:12:44,A12,해운대 센텀시티,83,83,0,100.0,2026-05-05 10:10:00
2026-05-05 10:12:44,A13,반여도서관 앞,312,212,100,67.9,2026-05-05 10:10:00
2026-05-05 10:12:44,A14,동대신동,24,24,0,100.0,2026-05-05 10:10:00
2026-05-05 10:12:44,A15,신선3동,84,41,43,48.8,2026-05-05 10:10:00
2026-05-05 10:12:44,A16,영선대로 지하 공영,122,57,65,46.7,2026-05-05 10:10:00
2026-05-05 10:12:44,A17,동백사거리,36,14,22,38.9,2026-05-05 10:10:00
2026-05-05 10:12:44,A18,중동이마트 옆,78,68,10,87.2,2026-05-05 10:10:00
2026-05-05 10:12:44,A19,부산대역(남측),224,60,164,26.8,2026-05-05 10:10:00
2026-05-05 10:12:44,A20,부산대역(북측),249,74,175,29.7,2026-05-05 10:10:00
2026-05-05 10:12:44,A21,화명역,37,25,12,67.6,2026-05-05 10:10:00
2026-05-05 10:12:44,A22,학장천 복개,270,170,100,63.0,2026-05-05 10:10:00
2026-05-05 10:12:44,A23,수변공원,102,65,37,63.7,2026-05-05 10:10:00
2026-05-05 10:12:44,A24,중동역,167,60,107,35.9,2026-05-05 10:10:00
2026-05-05 10:12:44,A25,미포공영,97,64,33,66.0,2026-05-05 10:10:00
2026-05-05 10:12:44,A26,온천장역(남측),247,163,84,66.0,2026-05-05 10:10:00
2026-05-05 10:12:44,A27,구서역,272,100,172,36.8,2026-05-05 10:10:00
2026-05-05 10:12:44,A28,중앙공원,101,93,8,92.1,2026-05-05 10:10:00
2026-05-05 10:12:44,A29,장전역,190,64,126,33.7,2026-05-05 10:10:00
2026-05-05 10:12:44,A30,사상역 광장,0,-90,90,0.0,2026-05-05 10:10:00
2026-05-05 10:12:44,A32,남산역,210,93,117,44.3,2026-05-05 10:10:00
2026-05-05 10:12:44,A33,하단역,151,77,74,51.0,2026-05-05 10:10:00
2026-05-05 10:12:44,A34,명륜역,185,104,81,56.2,2026-05-05 10:10:00
2026-05-05 10:12:44,A35,동래역,400,156,244,39.0,2026-05-05 10:10:00
2026-05-05 10:12:44,A36,해운대광장,164,164,0,100.0,2026-05-05 10:10:00
2026-05-05 10:12:44,A37,롯데 광복점 뒤(2),22,11,11,50.0,2026-05-05 10:10:00
2026-05-05 10:12:44,A40,반여2배수지,111,43,68,38.7,2026-05-05 10:10:00
2026-05-05 10:12:44,A41,요트경기장 앞 1구역,231,78,153,33.8,2026-05-05 10:10:00
2026-05-05 10:12:44,A42,삼락천로,124,45,79,36.3,2026-05-05 10:10:00
2026-05-05 10:12:44,A43,부전복개도로1,20,8,12,40.0,2026-05-05 10:10:00
2026-05-05 10:12:44,A44,부전복개도로2,23,13,10,56.5,2026-05-05 10:10:00
2026-05-05 10:12:44,A45,적십자회관,31,0,31,0.0,2026-05-05 10:10:00
2026-05-05 10:12:44,A48,대연고가밑,46,5,41,10.9,2026-05-05 10:10:00
2026-05-05 10:12:44,A49,골드테마거리,16,16,0,100.0,2026-05-05 10:10:00
2026-05-05 10:12:44,A50,요트경기장 앞 2구역,68,51,17,75.0,2026-05-05 10:10:00
2026-05-05 10:12:44,A432,수안동주차빌딩,60,12,48,20.0,2026-05-05 10:10:00
2026-05-05 10:12:44,A433,구남역,122,54,68,44.3,2026-05-05 10:10:00
2026-05-05 10:12:44,A434,만덕2동사앞복개,73,40,33,54.8,2026-05-05 10:10:00
2026-05-05 13:28:28,A01,"반송1, 3동 공영",152,125,27,82.2,2026-05-05 13:25:00
2026-05-05 13:28:28,A02,삼락재첩거리,126,52,74,41.3,2026-05-05 13:25:00
2026-05-05 13:28:28,A03,수변어린이공원,149,149,0,100.0,2026-05-05 13:25:00
2026-05-05 13:28:28,A04,장산역 1번,87,62,25,71.3,2026-05-05 13:25:00
2026-05-05 13:28:28,A05,장산역 2번,104,86,18,82.7,2026-05-05 13:25:00
2026-05-05 13:28:28,A06,좌1동,68,51,17,75.0,2026-05-05 13:25:00
2026-05-05 13:28:28,A07,노포역,390,318,72,81.5,2026-05-05 13:25:00
2026-05-05 13:28:28,A09,두산위브 뒤,45,25,20,55.6,2026-05-05 13:25:00
2026-05-05 13:28:28,A10,대우1차아파트 앞,76,16,60,21.1,2026-05-05 13:25:00
2026-05-05 13:28:28,A11,부산기계공고 후문,78,78,0,100.0,2026-05-05 13:25:00
2026-05-05 13:28:28,A12,해운대 센텀시티,83,83,0,100.0,2026-05-05 13:25:00
2026-05-05 13:28:28,A13,반여도서관 앞,312,212,100,67.9,2026-05-05 13:25:00
2026-05-05 13:28:28,A14,동대신동,24,24,0,100.0,2026-05-05 13:25:00
2026-05-05 13:28:28,A15,신선3동,84,81,3,96.4,2026-05-05 13:25:00
2026-05-05 13:28:28,A16,영선대로 지하 공영,122,76,46,62.3,2026-05-05 13:25:00
2026-05-05 13:28:28,A17,동백사거리,36,33,3,91.7,2026-05-05 13:25:00
2026-05-05 13:28:28,A18,중동이마트 옆,78,78,0,100.0,2026-05-05 13:25:00
2026-05-05 13:28:28,A19,부산대역(남측),224,223,1,99.6,2026-05-05 13:25:00
2026-05-05 13:28:28,A20,부산대역(북측),249,246,3,98.8,2026-05-05 13:25:00
2026-05-05 13:28:28,A21,화명역,37,37,0,100.0,2026-05-05 13:25:00
2026-05-05 13:28:28,A22,학장천 복개,270,170,100,63.0,2026-05-05 13:25:00
2026-05-05 13:28:28,A23,수변공원,102,101,1,99.0,2026-05-05 13:25:00
2026-05-05 13:28:28,A24,중동역,167,64,103,38.3,2026-05-05 13:25:00
2026-05-05 13:28:28,A25,미포공영,97,94,3,96.9,2026-05-05 13:25:00
2026-05-05 13:28:28,A26,온천장역(남측),247,201,46,81.4,2026-05-05 13:25:00
2026-05-05 13:28:28,A27,구서역,272,134,138,49.3,2026-05-05 13:25:00
2026-05-05 13:28:28,A28,중앙공원,101,101,0,100.0,2026-05-05 13:25:00
2026-05-05 13:28:28,A29,장전역,190,92,98,48.4,2026-05-05 13:25:00
2026-05-05 13:28:28,A30,사상역 광장,0,-90,90,0.0,2026-05-05 13:25:00
2026-05-05 13:28:28,A32,남산역,210,96,114,45.7,2026-05-05 13:25:00
2026-05-05 13:28:28,A33,하단역,151,97,54,64.2,2026-05-05 13:25:00
2026-05-05 13:28:28,A34,명륜역,185,91,94,49.2,2026-05-05 13:25:00
2026-05-05 13:28:28,A35,동래역,400,236,164,59.0,2026-05-05 13:25:00
2026-05-05 13:28:28,A36,해운대광장,164,164,0,100.0,2026-05-05 13:25:00
2026-05-05 13:28:28,A37,롯데 광복점 뒤(2),22,13,9,59.1,2026-05-05 13:25:00
2026-05-05 13:28:28,A40,반여2배수지,111,49,62,44.1,2026-05-05 13:25:00
2026-05-05 13:28:28,A41,요트경기장 앞 1구역,231,182,49,78.8,2026-05-05 13:25:00
2026-05-05 13:28:28,A42,삼락천로,124,47,77,37.9,2026-05-05 13:25:00
2026-05-05 13:28:28,A43,부전복개도로1,20,15,5,75.0,2026-05-05 13:25:00
2026-05-05 13:28:28,A44,부전복개도로2,23,18,5,78.3,2026-05-05 13:25:00
2026-05-05 13:28:28,A45,적십자회관,31,0,31,0.0,2026-05-05 13:25:00
2026-05-05 13:28:28,A48,대연고가밑,46,6,40,13.0,2026-05-05 13:25:00
2026-05-05 13:28:28,A49,골드테마거리,16,16,0,100.0,2026-05-05 13:25:00
2026-05-05 13:28:28,A50,요트경기장 앞 2구역,68,64,4,94.1,2026-05-05 13:25:00
2026-05-05 13:28:28,A432,수안동주차빌딩,60,22,38,36.7,2026-05-05 13:25:00
2026-05-05 13:28:28,A433,구남역,122,53,69,43.4,2026-05-05 13:25:00
2026-05-05 13:28:28,A434,만덕2동사앞복개,73,44,29,60.3,2026-05-05 13:25:00
2026-05-05 15:36:12,A01,"반송1, 3동 공영",152,125,27,82.2,2026-05-05 15:35:00
2026-05-05 15:36:12,A02,삼락재첩거리,126,47,79,37.3,2026-05-05 15:35:00
2026-05-05 15:36:12,A03,수변어린이공원,149,138,11,92.6,2026-05-05 15:35:00
2026-05-05 15:36:12,A04,장산역 1번,87,69,18,79.3,2026-05-05 15:35:00
2026-05-05 15:36:12,A05,장산역 2번,104,88,16,84.6,2026-05-05 15:35:00
2026-05-05 15:36:12,A06,좌1동,68,30,38,44.1,2026-05-05 15:35:00
2026-05-05 15:36:12,A07,노포역,390,303,87,77.7,2026-05-05 15:35:00
2026-05-05 15:36:12,A09,두산위브 뒤,45,24,21,53.3,2026-05-05 15:35:00
2026-05-05 15:36:12,A10,대우1차아파트 앞,76,2,74,2.6,2026-05-05 15:35:00
2026-05-05 15:36:12,A11,부산기계공고 후문,78,78,0,100.0,2026-05-05 15:35:00
2026-05-05 15:36:12,A12,해운대 센텀시티,83,83,0,100.0,2026-05-05 15:35:00
2026-05-05 15:36:12,A13,반여도서관 앞,312,212,100,67.9,2026-05-05 15:35:00
2026-05-05 15:36:12,A14,동대신동,24,24,0,100.0,2026-05-05 15:35:00
2026-05-05 15:36:12,A15,신선3동,84,78,6,92.9,2026-05-05 15:35:00
2026-05-05 15:36:12,A16,영선대로 지하 공영,122,74,48,60.7,2026-05-05 15:35:00
2026-05-05 15:36:12,A17,동백사거리,36,26,10,72.2,2026-05-05 15:35:00
2026-05-05 15:36:12,A18,중동이마트 옆,78,70,8,89.7,2026-05-05 15:35:00
2026-05-05 15:36:12,A19,부산대역(남측),224,223,1,99.6,2026-05-05 15:35:00
2026-05-05 15:36:12,A20,부산대역(북측),249,249,0,100.0,2026-05-05 15:35:00
2026-05-05 15:36:12,A21,화명역,37,33,4,89.2,2026-05-05 15:35:00
2026-05-05 15:36:12,A22,학장천 복개,270,170,100,63.0,2026-05-05 15:35:00
2026-05-05 15:36:12,A23,수변공원,102,101,1,99.0,2026-05-05 15:35:00
2026-05-05 15:36:12,A24,중동역,167,70,97,41.9,2026-05-05 15:35:00
2026-05-05 15:36:12,A25,미포공영,97,82,15,84.5,2026-05-05 15:35:00
2026-05-05 15:36:12,A26,온천장역(남측),247,186,61,75.3,2026-05-05 15:35:00
2026-05-05 15:36:12,A27,구서역,272,118,154,43.4,2026-05-05 15:35:00
2026-05-05 15:36:12,A28,중앙공원,101,99,2,98.0,2026-05-05 15:35:00
2026-05-05 15:36:12,A29,장전역,190,97,93,51.1,2026-05-05 15:35:00
2026-05-05 15:36:12,A30,사상역 광장,0,-90,90,0.0,2026-05-05 15:35:00
2026-05-05 15:36:12,A32,남산역,210,96,114,45.7,2026-05-05 15:35:00
2026-05-05 15:36:12,A33,하단역,151,89,62,58.9,2026-05-05 15:35:00
2026-05-05 15:36:12,A34,명륜역,185,91,94,49.2,2026-05-05 15:35:00
2026-05-05 15:36:12,A35,동래역,400,226,174,56.5,2026-05-05 15:35:00
2026-05-05 15:36:12,A36,해운대광장,164,164,0,100.0,2026-05-05 15:35:00
2026-05-05 15:36:12,A37,롯데 광복점 뒤(2),22,5,17,22.7,2026-05-05 15:35:00
2026-05-05 15:36:12,A40,반여2배수지,111,42,69,37.8,2026-05-05 15:35:00
2026-05-05 15:36:12,A41,요트경기장 앞 1구역,231,105,126,45.5,2026-05-05 15:35:00
2026-05-05 15:36:12,A42,삼락천로,124,43,81,34.7,2026-05-05 15:35:00
2026-05-05 15:36:12,A43,부전복개도로1,20,15,5,75.0,2026-05-05 15:35:00
2026-05-05 15:36:12,A44,부전복개도로2,23,17,6,73.9,2026-05-05 15:35:00
2026-05-05 15:36:12,A45,적십자회관,31,0,31,0.0,2026-05-05 15:35:00
2026-05-05 15:36:12,A48,대연고가밑,46,9,37,19.6,2026-05-05 15:35:00
2026-05-05 15:36:12,A49,골드테마거리,16,15,1,93.8,2026-05-05 15:35:00
2026-05-05 15:36:12,A50,요트경기장 앞 2구역,68,53,15,77.9,2026-05-05 15:35:00
2026-05-05 15:36:12,A432,수안동주차빌딩,60,8,52,13.3,2026-05-05 15:35:00
2026-05-05 15:36:12,A433,구남역,122,51,71,41.8,2026-05-05 15:35:00
2026-05-05 15:36:12,A434,만덕2동사앞복개,73,52,21,71.2,2026-05-05 15:35:00
2026-05-05 18:01:21,A01,"반송1, 3동 공영",152,52,100,34.2,2026-05-05 18:00:00
2026-05-05 18:01:21,A02,삼락재첩거리,126,50,76,39.7,2026-05-05 18:00:00
2026-05-05 18:01:21,A03,수변어린이공원,149,104,45,69.8,2026-05-05 18:00:00
2026-05-05 18:01:21,A04,장산역 1번,87,78,9,89.7,2026-05-05 18:00:00
2026-05-05 18:01:21,A05,장산역 2번,104,64,40,61.5,2026-05-05 18:00:00
2026-05-05 18:01:21,A06,좌1동,68,40,28,58.8,2026-05-05 18:00:00
2026-05-05 18:01:21,A07,노포역,390,229,161,58.7,2026-05-05 18:00:00
2026-05-05 18:01:21,A09,두산위브 뒤,45,24,21,53.3,2026-05-05 18:00:00
2026-05-05 18:01:21,A10,대우1차아파트 앞,76,20,56,26.3,2026-05-05 18:00:00
2026-05-05 18:01:21,A11,부산기계공고 후문,78,58,20,74.4,2026-05-05 18:00:00
2026-05-05 18:01:21,A12,해운대 센텀시티,83,83,0,100.0,2026-05-05 18:00:00
2026-05-05 18:01:21,A13,반여도서관 앞,312,145,167,46.5,2026-05-05 18:00:00
2026-05-05 18:01:21,A14,동대신동,24,21,3,87.5,2026-05-05 18:00:00
2026-05-05 18:01:21,A15,신선3동,84,57,27,67.9,2026-05-05 18:00:00
2026-05-05 18:01:21,A16,영선대로 지하 공영,122,71,51,58.2,2026-05-05 18:00:00
2026-05-05 18:01:21,A17,동백사거리,36,12,24,33.3,2026-05-05 18:00:00
2026-05-05 18:01:21,A18,중동이마트 옆,78,78,0,100.0,2026-05-05 18:00:00
2026-05-05 18:01:21,A19,부산대역(남측),224,222,2,99.1,2026-05-05 18:00:00
2026-05-05 18:01:21,A20,부산대역(북측),249,234,15,94.0,2026-05-05 18:00:00
2026-05-05 18:01:21,A21,화명역,37,33,4,89.2,2026-05-05 18:00:00
2026-05-05 18:01:21,A22,학장천 복개,270,170,100,63.0,2026-05-05 18:00:00
2026-05-05 18:01:21,A23,수변공원,102,101,1,99.0,2026-05-05 18:00:00
2026-05-05 18:01:21,A24,중동역,167,64,103,38.3,2026-05-05 18:00:00
2026-05-05 18:01:21,A25,미포공영,97,67,30,69.1,2026-05-05 18:00:00
2026-05-05 18:01:21,A26,온천장역(남측),247,149,98,60.3,2026-05-05 18:00:00
2026-05-05 18:01:21,A27,구서역,272,139,133,51.1,2026-05-05 18:00:00
2026-05-05 18:01:21,A28,중앙공원,101,50,51,49.5,2026-05-05 18:00:00
2026-05-05 18:01:21,A29,장전역,190,79,111,41.6,2026-05-05 18:00:00
2026-05-05 18:01:21,A30,사상역 광장,0,-90,90,0.0,2026-05-05 18:00:00
2026-05-05 18:01:21,A32,남산역,210,92,118,43.8,2026-05-05 18:00:00
2026-05-05 18:01:21,A33,하단역,151,92,59,60.9,2026-05-05 18:00:00
2026-05-05 18:01:21,A34,명륜역,185,110,75,59.5,2026-05-05 18:00:00
2026-05-05 18:01:21,A35,동래역,400,264,136,66.0,2026-05-05 18:00:00
2026-05-05 18:01:21,A36,해운대광장,164,163,1,99.4,2026-05-05 18:00:00
2026-05-05 18:01:21,A37,롯데 광복점 뒤(2),22,8,14,36.4,2026-05-05 18:00:00
2026-05-05 18:01:21,A40,반여2배수지,111,48,63,43.2,2026-05-05 18:00:00
2026-05-05 18:01:21,A41,요트경기장 앞 1구역,231,43,188,18.6,2026-05-05 18:00:00
2026-05-05 18:01:21,A42,삼락천로,124,35,89,28.2,2026-05-05 18:00:00
2026-05-05 18:01:21,A43,부전복개도로1,20,16,4,80.0,2026-05-05 18:00:00
2026-05-05 18:01:21,A44,부전복개도로2,23,17,6,73.9,2026-05-05 18:00:00
2026-05-05 18:01:21,A45,적십자회관,31,0,31,0.0,2026-05-05 18:00:00
2026-05-05 18:01:21,A48,대연고가밑,46,4,42,8.7,2026-05-05 18:00:00
2026-05-05 18:01:21,A49,골드테마거리,16,6,10,37.5,2026-05-05 18:00:00
2026-05-05 18:01:21,A50,요트경기장 앞 2구역,68,40,28,58.8,2026-05-05 18:00:00
2026-05-05 18:01:21,A432,수안동주차빌딩,60,11,49,18.3,2026-05-05 18:00:00
2026-05-05 18:01:21,A433,구남역,122,59,63,48.4,2026-05-05 18:00:00
2026-05-05 18:01:21,A434,만덕2동사앞복개,73,56,17,76.7,2026-05-05 18:00:00
2026-05-05 19:55:59,A01,"반송1, 3동 공영",152,52,100,34.2,2026-05-05 19:55:00
2026-05-05 19:55:59,A02,삼락재첩거리,126,47,79,37.3,2026-05-05 19:55:00
2026-05-05 19:55:59,A03,수변어린이공원,149,83,66,55.7,2026-05-05 19:55:00
2026-05-05 19:55:59,A04,장산역 1번,87,76,11,87.4,2026-05-05 19:55:00
2026-05-05 19:55:59,A05,장산역 2번,104,70,34,67.3,2026-05-05 19:55:00
2026-05-05 19:55:59,A06,좌1동,68,51,17,75.0,2026-05-05 19:55:00
2026-05-05 19:55:59,A07,노포역,390,154,236,39.5,2026-05-05 19:55:00
2026-05-05 19:55:59,A09,두산위브 뒤,45,22,23,48.9,2026-05-05 19:55:00
2026-05-05 19:55:59,A10,대우1차아파트 앞,76,2,74,2.6,2026-05-05 19:55:00
2026-05-05 19:55:59,A11,부산기계공고 후문,78,51,27,65.4,2026-05-05 19:55:00
2026-05-05 19:55:59,A12,해운대 센텀시티,83,11,72,13.3,2026-05-05 19:55:00
2026-05-05 19:55:59,A13,반여도서관 앞,312,158,154,50.6,2026-05-05 19:55:00
2026-05-05 19:55:59,A14,동대신동,24,21,3,87.5,2026-05-05 19:55:00
2026-05-05 19:55:59,A15,신선3동,84,41,43,48.8,2026-05-05 19:55:00
2026-05-05 19:55:59,A16,영선대로 지하 공영,122,49,73,40.2,2026-05-05 19:55:00
2026-05-05 19:55:59,A17,동백사거리,36,8,28,22.2,2026-05-05 19:55:00
2026-05-05 19:55:59,A18,중동이마트 옆,78,78,0,100.0,2026-05-05 19:55:00
2026-05-05 19:55:59,A19,부산대역(남측),224,161,63,71.9,2026-05-05 19:55:00
2026-05-05 19:55:59,A20,부산대역(북측),249,157,92,63.1,2026-05-05 19:55:00
2026-05-05 19:55:59,A21,화명역,37,29,8,78.4,2026-05-05 19:55:00
2026-05-05 19:55:59,A22,학장천 복개,270,131,139,48.5,2026-05-05 19:55:00
2026-05-05 19:55:59,A23,수변공원,102,92,10,90.2,2026-05-05 19:55:00
2026-05-05 19:55:59,A24,중동역,167,59,108,35.3,2026-05-05 19:55:00
2026-05-05 19:55:59,A25,미포공영,97,52,45,53.6,2026-05-05 19:55:00
2026-05-05 19:55:59,A26,온천장역(남측),247,133,114,53.8,2026-05-05 19:55:00
2026-05-05 19:55:59,A27,구서역,272,130,142,47.8,2026-05-05 19:55:00
2026-05-05 19:55:59,A28,중앙공원,101,49,52,48.5,2026-05-05 19:55:00
2026-05-05 19:55:59,A29,장전역,190,74,116,38.9,2026-05-05 19:55:00
2026-05-05 19:55:59,A30,사상역 광장,0,-90,90,0.0,2026-05-05 19:55:00
2026-05-05 19:55:59,A32,남산역,210,96,114,45.7,2026-05-05 19:55:00
2026-05-05 19:55:59,A33,하단역,151,78,73,51.7,2026-05-05 19:55:00
2026-05-05 19:55:59,A34,명륜역,185,91,94,49.2,2026-05-05 19:55:00
2026-05-05 19:55:59,A35,동래역,400,287,113,71.8,2026-05-05 19:55:00
2026-05-05 19:55:59,A36,해운대광장,164,131,33,79.9,2026-05-05 19:55:00
2026-05-05 19:55:59,A37,롯데 광복점 뒤(2),22,8,14,36.4,2026-05-05 19:55:00
2026-05-05 19:55:59,A40,반여2배수지,111,50,61,45.0,2026-05-05 19:55:00
2026-05-05 19:55:59,A41,요트경기장 앞 1구역,231,60,171,26.0,2026-05-05 19:55:00
2026-05-05 19:55:59,A42,삼락천로,124,35,89,28.2,2026-05-05 19:55:00
2026-05-05 19:55:59,A43,부전복개도로1,20,14,6,70.0,2026-05-05 19:55:00
2026-05-05 19:55:59,A44,부전복개도로2,23,3,20,13.0,2026-05-05 19:55:00
2026-05-05 19:55:59,A45,적십자회관,31,0,31,0.0,2026-05-05 19:55:00
2026-05-05 19:55:59,A48,대연고가밑,46,4,42,8.7,2026-05-05 19:55:00
2026-05-05 19:55:59,A49,골드테마거리,16,3,13,18.8,2026-05-05 19:55:00
2026-05-05 19:55:59,A50,요트경기장 앞 2구역,68,52,16,76.5,2026-05-05 19:55:00
2026-05-05 19:55:59,A432,수안동주차빌딩,60,10,50,16.7,2026-05-05 19:55:00
2026-05-05 19:55:59,A433,구남역,122,52,70,42.6,2026-05-05 19:55:00
2026-05-05 19:55:59,A434,만덕2동사앞복개,73,49,24,67.1,2026-05-05 19:55:00
2026-05-05 21:05:48,A01,"반송1, 3동 공영",152,52,100,34.2,2026-05-05 21:05:00
2026-05-05 21:05:48,A02,삼락재첩거리,126,47,79,37.3,2026-05-05 21:05:00
2026-05-05 21:05:48,A03,수변어린이공원,149,57,92,38.3,2026-05-05 21:05:00
2026-05-05 21:05:48,A04,장산역 1번,87,66,21,75.9,2026-05-05 21:05:00
2026-05-05 21:05:48,A05,장산역 2번,104,46,58,44.2,2026-05-05 21:05:00
2026-05-05 21:05:48,A06,좌1동,68,33,35,48.5,2026-05-05 21:05:00
2026-05-05 21:05:48,A07,노포역,390,133,257,34.1,2026-05-05 21:05:00
2026-05-05 21:05:48,A09,두산위브 뒤,45,18,27,40.0,2026-05-05 21:05:00
2026-05-05 21:05:48,A10,대우1차아파트 앞,76,14,62,18.4,2026-05-05 21:05:00
2026-05-05 21:05:48,A11,부산기계공고 후문,78,40,38,51.3,2026-05-05 21:05:00
2026-05-05 21:05:48,A12,해운대 센텀시티,83,10,73,12.0,2026-05-05 21:05:00
2026-05-05 21:05:48,A13,반여도서관 앞,312,160,152,51.3,2026-05-05 21:05:00
2026-05-05 21:05:48,A14,동대신동,24,23,1,95.8,2026-05-05 21:05:00
2026-05-05 21:05:48,A15,신선3동,84,43,41,51.2,2026-05-05 21:05:00
2026-05-05 21:05:48,A16,영선대로 지하 공영,122,59,63,48.4,2026-05-05 21:05:00
2026-05-05 21:05:48,A17,동백사거리,36,5,31,13.9,2026-05-05 21:05:00
2026-05-05 21:05:48,A18,중동이마트 옆,78,64,14,82.1,2026-05-05 21:05:00
2026-05-05 21:05:48,A19,부산대역(남측),224,87,137,38.8,2026-05-05 21:05:00
2026-05-05 21:05:48,A20,부산대역(북측),249,110,139,44.2,2026-05-05 21:05:00
2026-05-05 21:05:48,A21,화명역,37,33,4,89.2,2026-05-05 21:05:00
2026-05-05 21:05:48,A22,학장천 복개,270,107,163,39.6,2026-05-05 21:05:00
2026-05-05 21:05:48,A23,수변공원,102,80,22,78.4,2026-05-05 21:05:00
2026-05-05 21:05:48,A24,중동역,167,48,119,28.7,2026-05-05 21:05:00
2026-05-05 21:05:48,A25,미포공영,97,34,63,35.1,2026-05-05 21:05:00
2026-05-05 21:05:48,A26,온천장역(남측),247,116,131,47.0,2026-05-05 21:05:00
2026-05-05 21:05:48,A27,구서역,272,127,145,46.7,2026-05-05 21:05:00
2026-05-05 21:05:48,A28,중앙공원,101,51,50,50.5,2026-05-05 21:05:00
2026-05-05 21:05:48,A29,장전역,190,63,127,33.2,2026-05-05 21:05:00
2026-05-05 21:05:48,A30,사상역 광장,0,-90,90,0.0,2026-05-05 21:05:00
2026-05-05 21:05:48,A32,남산역,210,96,114,45.7,2026-05-05 21:05:00
2026-05-05 21:05:48,A33,하단역,151,60,91,39.7,2026-05-05 21:05:00
2026-05-05 21:05:48,A34,명륜역,185,91,94,49.2,2026-05-05 21:05:00
2026-05-05 21:05:48,A35,동래역,400,229,171,57.2,2026-05-05 21:05:00
2026-05-05 21:05:48,A36,해운대광장,164,109,55,66.5,2026-05-05 21:05:00
2026-05-05 21:05:48,A37,롯데 광복점 뒤(2),22,8,14,36.4,2026-05-05 21:05:00
2026-05-05 21:05:48,A40,반여2배수지,111,50,61,45.0,2026-05-05 21:05:00
2026-05-05 21:05:48,A41,요트경기장 앞 1구역,231,43,188,18.6,2026-05-05 21:05:00
2026-05-05 21:05:48,A42,삼락천로,124,36,88,29.0,2026-05-05 21:05:00
2026-05-05 21:05:48,A43,부전복개도로1,20,14,6,70.0,2026-05-05 21:05:00
2026-05-05 21:05:48,A44,부전복개도로2,23,3,20,13.0,2026-05-05 21:05:00
2026-05-05 21:05:48,A45,적십자회관,31,0,31,0.0,2026-05-05 21:05:00
2026-05-05 21:05:48,A48,대연고가밑,46,4,42,8.7,2026-05-05 21:05:00
2026-05-05 21:05:48,A49,골드테마거리,16,3,13,18.8,2026-05-05 21:05:00
2026-05-05 21:05:48,A50,요트경기장 앞 2구역,68,33,35,48.5,2026-05-05 21:05:00
2026-05-05 21:05:48,A432,수안동주차빌딩,60,11,49,18.3,2026-05-05 21:05:00
2026-05-05 21:05:48,A433,구남역,122,51,71,41.8,2026-05-05 21:05:00
2026-05-05 21:05:48,A434,만덕2동사앞복개,73,43,30,58.9,2026-05-05 21:05:00
2026-05-05 23:25:14,A01,"반송1, 3동 공영",152,121,31,79.6,2026-05-05 23:25:00
2026-05-05 23:25:14,A02,삼락재첩거리,126,50,76,39.7,2026-05-05 23:25:00
2026-05-05 23:25:14,A03,수변어린이공원,149,37,112,24.8,2026-05-05 23:25:00
2026-05-05 23:25:14,A04,장산역 1번,87,35,52,40.2,2026-05-05 23:25:00
2026-05-05 23:25:14,A05,장산역 2번,104,18,86,17.3,2026-05-05 23:25:00
2026-05-05 23:25:14,A06,좌1동,68,17,51,25.0,2026-05-05 23:25:00
2026-05-05 23:25:14,A07,노포역,390,86,304,22.1,2026-05-05 23:25:00
2026-05-05 23:25:14,A09,두산위브 뒤,45,11,34,24.4,2026-05-05 23:25:00
2026-05-05 23:25:14,A10,대우1차아파트 앞,76,-2,78,-2.6,2026-05-05 23:25:00
2026-05-05 23:25:14,A11,부산기계공고 후문,78,33,45,42.3,2026-05-05 23:25:00
2026-05-05 23:25:14,A12,해운대 센텀시티,83,83,0,100.0,2026-05-05 23:25:00
2026-05-05 23:25:14,A13,반여도서관 앞,312,157,155,50.3,2026-05-05 23:25:00
2026-05-05 23:25:14,A14,동대신동,24,22,2,91.7,2026-05-05 23:25:00
2026-05-05 23:25:14,A15,신선3동,84,43,41,51.2,2026-05-05 23:25:00
2026-05-05 23:25:14,A16,영선대로 지하 공영,122,49,73,40.2,2026-05-05 23:25:00
2026-05-05 23:25:14,A17,동백사거리,36,6,30,16.7,2026-05-05 23:25:00
2026-05-05 23:25:14,A18,중동이마트 옆,78,44,34,56.4,2026-05-05 23:25:00
2026-05-05 23:25:14,A19,부산대역(남측),224,17,207,7.6,2026-05-05 23:25:00
2026-05-05 23:25:14,A20,부산대역(북측),249,34,215,13.7,2026-05-05 23:25:00
2026-05-05 23:25:14,A21,화명역,37,33,4,89.2,2026-05-05 23:25:00
2026-05-05 23:25:14,A22,학장천 복개,270,81,189,30.0,2026-05-05 23:25:00
2026-05-05 23:25:14,A23,수변공원,102,51,51,50.0,2026-05-05 23:25:00
2026-05-05 23:25:14,A24,중동역,167,47,120,28.1,2026-05-05 23:25:00
2026-05-05 23:25:14,A25,미포공영,97,19,78,19.6,2026-05-05 23:25:00
2026-05-05 23:25:14,A26,온천장역(남측),247,93,154,37.7,2026-05-05 23:25:00
2026-05-05 23:25:14,A27,구서역,272,79,193,29.0,2026-05-05 23:25:00
2026-05-05 23:25:14,A28,중앙공원,101,50,51,49.5,2026-05-05 23:25:00
2026-05-05 23:25:14,A29,장전역,190,48,142,25.3,2026-05-05 23:25:00
2026-05-05 23:25:14,A30,사상역 광장,0,-90,90,0.0,2026-05-05 23:25:00
2026-05-05 23:25:14,A32,남산역,210,96,114,45.7,2026-05-05 23:25:00
2026-05-05 23:25:14,A33,하단역,151,53,98,35.1,2026-05-05 23:25:00
2026-05-05 23:25:14,A34,명륜역,185,91,94,49.2,2026-05-05 23:25:00
2026-05-05 23:25:14,A35,동래역,400,151,249,37.8,2026-05-05 23:25:00
2026-05-05 23:25:14,A36,해운대광장,164,73,91,44.5,2026-05-05 23:25:00
2026-05-05 23:25:14,A37,롯데 광복점 뒤(2),22,8,14,36.4,2026-05-05 23:25:00
2026-05-05 23:25:14,A40,반여2배수지,111,53,58,47.7,2026-05-05 23:25:00
2026-05-05 23:25:14,A41,요트경기장 앞 1구역,231,31,200,13.4,2026-05-05 23:25:00
2026-05-05 23:25:14,A42,삼락천로,124,40,84,32.3,2026-05-05 23:25:00
2026-05-05 23:25:14,A43,부전복개도로1,20,14,6,70.0,2026-05-05 23:25:00
2026-05-05 23:25:14,A44,부전복개도로2,23,3,20,13.0,2026-05-05 23:25:00
2026-05-05 23:25:14,A45,적십자회관,31,0,31,0.0,2026-05-05 23:25:00
2026-05-05 23:25:14,A48,대연고가밑,46,4,42,8.7,2026-05-05 23:25:00
2026-05-05 23:25:14,A49,골드테마거리,16,3,13,18.8,2026-05-05 23:25:00
2026-05-05 23:25:14,A50,요트경기장 앞 2구역,68,26,42,38.2,2026-05-05 23:25:00
2026-05-05 23:25:14,A432,수안동주차빌딩,60,10,50,16.7,2026-05-05 23:25:00
2026-05-05 23:25:14,A433,구남역,122,51,71,41.8,2026-05-05 23:25:00
2026-05-05 23:25:14,A434,만덕2동사앞복개,73,37,36,50.7,2026-05-05 23:25:00
2026-05-06 01:24:08,A01,"반송1, 3동 공영",152,122,30,80.3,2026-05-06 01:20:00
2026-05-06 01:24:08,A02,삼락재첩거리,126,50,76,39.7,2026-05-06 01:20:00
2026-05-06 01:24:08,A03,수변어린이공원,149,31,118,20.8,2026-05-06 01:20:00
2026-05-06 01:24:08,A04,장산역 1번,87,25,62,28.7,2026-05-06 01:20:00
2026-05-06 01:24:08,A05,장산역 2번,104,11,93,10.6,2026-05-06 01:20:00
2026-05-06 01:24:08,A06,좌1동,68,11,57,16.2,2026-05-06 01:20:00
2026-05-06 01:24:08,A07,노포역,390,80,310,20.5,2026-05-06 01:20:00
2026-05-06 01:24:08,A09,두산위브 뒤,45,12,33,26.7,2026-05-06 01:20:00
2026-05-06 01:24:08,A10,대우1차아파트 앞,76,2,74,2.6,2026-05-06 01:20:00
2026-05-06 01:24:08,A11,부산기계공고 후문,78,33,45,42.3,2026-05-06 01:20:00
2026-05-06 01:24:08,A12,해운대 센텀시티,83,83,0,100.0,2026-05-06 01:20:00
2026-05-06 01:24:08,A13,반여도서관 앞,312,212,100,67.9,2026-05-06 01:20:00
2026-05-06 01:24:08,A14,동대신동,24,22,2,91.7,2026-05-06 01:20:00
2026-05-06 01:24:08,A15,신선3동,84,44,40,52.4,2026-05-06 01:20:00
2026-05-06 01:24:08,A16,영선대로 지하 공영,122,47,75,38.5,2026-05-06 01:20:00
2026-05-06 01:24:08,A17,동백사거리,36,5,31,13.9,2026-05-06 01:20:00
2026-05-06 01:24:08,A18,중동이마트 옆,78,44,34,56.4,2026-05-06 01:20:00
2026-05-06 01:24:08,A19,부산대역(남측),224,11,213,4.9,2026-05-06 01:20:00
2026-05-06 01:24:08,A20,부산대역(북측),249,28,221,11.2,2026-05-06 01:20:00
2026-05-06 01:24:08,A21,화명역,37,14,23,37.8,2026-05-06 01:20:00
2026-05-06 01:24:08,A22,학장천 복개,270,170,100,63.0,2026-05-06 01:20:00
2026-05-06 01:24:08,A23,수변공원,102,33,69,32.4,2026-05-06 01:20:00
2026-05-06 01:24:08,A24,중동역,167,46,121,27.5,2026-05-06 01:20:00
2026-05-06 01:24:08,A25,미포공영,97,17,80,17.5,2026-05-06 01:20:00
2026-05-06 01:24:08,A26,온천장역(남측),247,89,158,36.0,2026-05-06 01:20:00
2026-05-06 01:24:08,A27,구서역,272,69,203,25.4,2026-05-06 01:20:00
2026-05-06 01:24:08,A28,중앙공원,101,52,49,51.5,2026-05-06 01:20:00
2026-05-06 01:24:08,A29,장전역,190,45,145,23.7,2026-05-06 01:20:00
2026-05-06 01:24:08,A30,사상역 광장,0,-90,90,0.0,2026-05-06 01:20:00
2026-05-06 01:24:08,A32,남산역,210,96,114,45.7,2026-05-06 01:20:00
2026-05-06 01:24:08,A33,하단역,151,54,97,35.8,2026-05-06 01:20:00
2026-05-06 01:24:08,A34,명륜역,185,91,94,49.2,2026-05-06 01:20:00
2026-05-06 01:24:08,A35,동래역,400,84,316,21.0,2026-05-06 01:20:00
2026-05-06 01:24:08,A36,해운대광장,164,63,101,38.4,2026-05-06 01:20:00
2026-05-06 01:24:08,A37,롯데 광복점 뒤(2),22,8,14,36.4,2026-05-06 01:20:00
2026-05-06 01:24:08,A40,반여2배수지,111,56,55,50.5,2026-05-06 01:20:00
2026-05-06 01:24:08,A41,요트경기장 앞 1구역,231,43,188,18.6,2026-05-06 01:20:00
2026-05-06 01:24:08,A42,삼락천로,124,40,84,32.3,2026-05-06 01:20:00
2026-05-06 01:24:08,A43,부전복개도로1,20,14,6,70.0,2026-05-06 01:20:00
2026-05-06 01:24:08,A44,부전복개도로2,23,3,20,13.0,2026-05-06 01:20:00
2026-05-06 01:24:08,A45,적십자회관,31,0,31,0.0,2026-05-06 01:20:00
2026-05-06 01:24:08,A48,대연고가밑,46,4,42,8.7,2026-05-06 01:20:00
2026-05-06 01:24:08,A49,골드테마거리,16,3,13,18.8,2026-05-06 01:20:00
2026-05-06 01:24:08,A50,요트경기장 앞 2구역,68,26,42,38.2,2026-05-06 01:20:00
2026-05-06 01:24:08,A432,수안동주차빌딩,60,10,50,16.7,2026-05-06 01:20:00
2026-05-06 01:24:08,A433,구남역,122,51,71,41.8,2026-05-06 01:20:00
2026-05-06 01:24:08,A434,만덕2동사앞복개,73,35,38,47.9,2026-05-06 01:20:00
